corpus_namespace,global_run_id,run_key,design_id,design_index,realization_id,realization_index,region,partition,sealed,design_record_hash,proposal_status,simulation_authorized,run_record_hash
stage_a_discovery_v1,500,SA-D000-R00,SA-D000,0,R00,0,resilient_core,development,False,2bddeef8e61a78a98a77415d0257b8776a4359914d56ec68feed19790fe546af,NOT_FROZEN,False,8b6acf37f0931798102558405fb750dfdd5c1ff7019f4e159727ee2c3bd4e226
stage_a_discovery_v1,501,SA-D000-R01,SA-D000,0,R01,1,resilient_core,development,False,2bddeef8e61a78a98a77415d0257b8776a4359914d56ec68feed19790fe546af,NOT_FROZEN,False,4f2f671ff1589ac5ddf70575d5ea61411485c1db846d501c77b4371fb2a01794
stage_a_discovery_v1,502,SA-D000-R02,SA-D000,0,R02,2,resilient_core,development,False,2bddeef8e61a78a98a77415d0257b8776a4359914d56ec68feed19790fe546af,NOT_FROZEN,False,7e12e9757a2894b453ceab862b49d973be531d4bf8411ec8044c18a5ea111541
stage_a_discovery_v1,503,SA-D000-R03,SA-D000,0,R03,3,resilient_core,development,False,2bddeef8e61a78a98a77415d0257b8776a4359914d56ec68feed19790fe546af,NOT_FROZEN,False,3aa8f1371ed461e5c7671fc940522726cacbfd40a2d46ecdb22b1ba2a3601ac1
stage_a_discovery_v1,504,SA-D000-R04,SA-D000,0,R04,4,resilient_core,development,False,2bddeef8e61a78a98a77415d0257b8776a4359914d56ec68feed19790fe546af,NOT_FROZEN,False,009571d2c0df3c47cdf2ce86be11cd9e8ff89a9ef89a53c6820b6473fc5322cc
stage_a_discovery_v1,505,SA-D001-R00,SA-D001,1,R00,0,resilient_core,development,False,00c12c0600553199942014873b2c803ff371a34d3031f34920a26e8805188588,NOT_FROZEN,False,bbdd7bfab8bb69fe4cf7561a155394ce5ce095a7999dfb54d7c3d89396de74d2
stage_a_discovery_v1,506,SA-D001-R01,SA-D001,1,R01,1,resilient_core,development,False,00c12c0600553199942014873b2c803ff371a34d3031f34920a26e8805188588,NOT_FROZEN,False,067c907c6c9aa89ab05dd9796b0bc26171c9f82f482b73e779ca007a0cd3f906
stage_a_discovery_v1,507,SA-D001-R02,SA-D001,1,R02,2,resilient_core,development,False,00c12c0600553199942014873b2c803ff371a34d3031f34920a26e8805188588,NOT_FROZEN,False,d795c1849aefea6ddad22789a6c548804d4434cd235e22e33f837898e13f943a
stage_a_discovery_v1,508,SA-D001-R03,SA-D001,1,R03,3,resilient_core,development,False,00c12c0600553199942014873b2c803ff371a34d3031f34920a26e8805188588,NOT_FROZEN,False,bf0853f33cdba002be2b11470d910ce953a324c1931dec762a13c1015a928459
stage_a_discovery_v1,509,SA-D001-R04,SA-D001,1,R04,4,resilient_core,development,False,00c12c0600553199942014873b2c803ff371a34d3031f34920a26e8805188588,NOT_FROZEN,False,8a4c366b292505e4f5d1120fbb6b6a63365c3e555d89fe8622fc5dd2325471a5
stage_a_discovery_v1,510,SA-D002-R00,SA-D002,2,R00,0,resilient_core,development,False,8fac7d9e1a20ae34422cbd43a567e4f534668a3aef85e4e86b8a9f451637abeb,NOT_FROZEN,False,369a272fcaf32acf414e656755ad321200d95d1d6ebb4e5abb5578d71b977bf6
stage_a_discovery_v1,511,SA-D002-R01,SA-D002,2,R01,1,resilient_core,development,False,8fac7d9e1a20ae34422cbd43a567e4f534668a3aef85e4e86b8a9f451637abeb,NOT_FROZEN,False,7873b692a9ccfc69ae3ff5f107a470157da0184eafd9e1fd6fd3d6b0506b52d9
stage_a_discovery_v1,512,SA-D002-R02,SA-D002,2,R02,2,resilient_core,development,False,8fac7d9e1a20ae34422cbd43a567e4f534668a3aef85e4e86b8a9f451637abeb,NOT_FROZEN,False,4febe7bb25002f88cfb0a31cecb883b05b2550aa610c93bf241f11968b6d134f
stage_a_discovery_v1,513,SA-D002-R03,SA-D002,2,R03,3,resilient_core,development,False,8fac7d9e1a20ae34422cbd43a567e4f534668a3aef85e4e86b8a9f451637abeb,NOT_FROZEN,False,f40793593b32f62b732864a7993752eb4633e8bfd0d6084ad2420b641c28b5c8
stage_a_discovery_v1,514,SA-D002-R04,SA-D002,2,R04,4,resilient_core,development,False,8fac7d9e1a20ae34422cbd43a567e4f534668a3aef85e4e86b8a9f451637abeb,NOT_FROZEN,False,bf804f6c7f7312841d90d43946abe47b5e0332d76c05f592d2171e7d015cfd9c
stage_a_discovery_v1,515,SA-D003-R00,SA-D003,3,R00,0,resilient_core,development,False,e33667f2f78bf49bb9b3cc3c4868e06178679c741ee1a2cb193516fbe641c1f7,NOT_FROZEN,False,edb82eab370c73aff6ee02f89ee0721b9655fe382c5d7c6ac102f11b768f08e8
stage_a_discovery_v1,516,SA-D003-R01,SA-D003,3,R01,1,resilient_core,development,False,e33667f2f78bf49bb9b3cc3c4868e06178679c741ee1a2cb193516fbe641c1f7,NOT_FROZEN,False,083cd5194776806c0078e2a96d0cf92fca6b8b0785951feebec3e02eabbb0ad7
stage_a_discovery_v1,517,SA-D003-R02,SA-D003,3,R02,2,resilient_core,development,False,e33667f2f78bf49bb9b3cc3c4868e06178679c741ee1a2cb193516fbe641c1f7,NOT_FROZEN,False,0f054fe580c9a0a2c1c8ed8deb9ea8390d9439072038a1b1a64b56eef045a49b
stage_a_discovery_v1,518,SA-D003-R03,SA-D003,3,R03,3,resilient_core,development,False,e33667f2f78bf49bb9b3cc3c4868e06178679c741ee1a2cb193516fbe641c1f7,NOT_FROZEN,False,fc552c93c94c0f0c8843855d10cc378d4b803c875841ecb0df71cc93772805d7
stage_a_discovery_v1,519,SA-D003-R04,SA-D003,3,R04,4,resilient_core,development,False,e33667f2f78bf49bb9b3cc3c4868e06178679c741ee1a2cb193516fbe641c1f7,NOT_FROZEN,False,bbd8055ce864ebfc7f8b7b51e6b6ed4f0c8ecbc8ec689714275f3b054d35456c
stage_a_discovery_v1,520,SA-D004-R00,SA-D004,4,R00,0,resilient_core,development,False,3a3196aefa6ba952ec11195e07e1ac0e2f30a816bfb33a96f826789d52742a05,NOT_FROZEN,False,b076a9862eedb7f293dc7165fcde55d65140d5676f5b1b6b9d483890cdea60e0
stage_a_discovery_v1,521,SA-D004-R01,SA-D004,4,R01,1,resilient_core,development,False,3a3196aefa6ba952ec11195e07e1ac0e2f30a816bfb33a96f826789d52742a05,NOT_FROZEN,False,85f2aa56b49f15a60679c6974d1667f6532ce49c78c8cb1d1b42339949a7a442
stage_a_discovery_v1,522,SA-D004-R02,SA-D004,4,R02,2,resilient_core,development,False,3a3196aefa6ba952ec11195e07e1ac0e2f30a816bfb33a96f826789d52742a05,NOT_FROZEN,False,c13ca1230398df81ad82d22a1b361f221abcc27fd239e5828c5f045e096529fc
stage_a_discovery_v1,523,SA-D004-R03,SA-D004,4,R03,3,resilient_core,development,False,3a3196aefa6ba952ec11195e07e1ac0e2f30a816bfb33a96f826789d52742a05,NOT_FROZEN,False,f51fa768b71a05eb15d9ab7c7bb6e738cd122a0a444fb52fa18559a9d075c1d1
stage_a_discovery_v1,524,SA-D004-R04,SA-D004,4,R04,4,resilient_core,development,False,3a3196aefa6ba952ec11195e07e1ac0e2f30a816bfb33a96f826789d52742a05,NOT_FROZEN,False,bc470e29849153b950936bac65a544dccc99f7a0b5dc4c9560a916a739fd8184
stage_a_discovery_v1,525,SA-D005-R00,SA-D005,5,R00,0,resilient_core,development,False,6df6f3c9eab8a3de45307f412272c223fc3d9661ec37029fd3eba693a155ecce,NOT_FROZEN,False,fe18c8c3744781a539db89d98118accd011f5e0d8d24c1a297b8e835b69972f4
stage_a_discovery_v1,526,SA-D005-R01,SA-D005,5,R01,1,resilient_core,development,False,6df6f3c9eab8a3de45307f412272c223fc3d9661ec37029fd3eba693a155ecce,NOT_FROZEN,False,e4aaf84c2a7b4364c360ca19dbc218ce2cff43e522fd17c65ec4efbac7d60678
stage_a_discovery_v1,527,SA-D005-R02,SA-D005,5,R02,2,resilient_core,development,False,6df6f3c9eab8a3de45307f412272c223fc3d9661ec37029fd3eba693a155ecce,NOT_FROZEN,False,0ed960d6f8f70fb3d1eb3f984cffce4d3cf8fc71b35901b02abb2ff457a373a8
stage_a_discovery_v1,528,SA-D005-R03,SA-D005,5,R03,3,resilient_core,development,False,6df6f3c9eab8a3de45307f412272c223fc3d9661ec37029fd3eba693a155ecce,NOT_FROZEN,False,6ae3405d0c8d390158b65bd7545c43f904089e6d8041a159a59f977b5e36ad14
stage_a_discovery_v1,529,SA-D005-R04,SA-D005,5,R04,4,resilient_core,development,False,6df6f3c9eab8a3de45307f412272c223fc3d9661ec37029fd3eba693a155ecce,NOT_FROZEN,False,2c3593c4738651e25ee3f6eaaf1b1ee8679dce270929525f6bb6071892df272e
stage_a_discovery_v1,530,SA-D006-R00,SA-D006,6,R00,0,resilient_core,development,False,df1934969bc6b48836a71f33cfa6b94f678b698118218abdf40f99062135c447,NOT_FROZEN,False,c00ade39daa726d401046826b58c883f591b53b0fdeaeb6dc4a7b08240c78e32
stage_a_discovery_v1,531,SA-D006-R01,SA-D006,6,R01,1,resilient_core,development,False,df1934969bc6b48836a71f33cfa6b94f678b698118218abdf40f99062135c447,NOT_FROZEN,False,448a44846a6cb4886dca8f998a89f86cc0a3a0de35df53da7a32931cbabf4ef2
stage_a_discovery_v1,532,SA-D006-R02,SA-D006,6,R02,2,resilient_core,development,False,df1934969bc6b48836a71f33cfa6b94f678b698118218abdf40f99062135c447,NOT_FROZEN,False,58573f4f0b07043ef2c76fa8b9d461e5ce8e983cc7e45ef6880fc7e4063ba94d
stage_a_discovery_v1,533,SA-D006-R03,SA-D006,6,R03,3,resilient_core,development,False,df1934969bc6b48836a71f33cfa6b94f678b698118218abdf40f99062135c447,NOT_FROZEN,False,282df4f86515ed9833cd4f458634cb8409d7217d42248b2526c8a96e2f275e69
stage_a_discovery_v1,534,SA-D006-R04,SA-D006,6,R04,4,resilient_core,development,False,df1934969bc6b48836a71f33cfa6b94f678b698118218abdf40f99062135c447,NOT_FROZEN,False,ec8568f5f6e6feeead3639b365199e690dfd757b453d234af67b6b9434aed051
stage_a_discovery_v1,535,SA-D007-R00,SA-D007,7,R00,0,resilient_core,development,False,76c5ee8a63a8ae4edf61ae630b583b80f232026899cabc5895aa3db28f2bde41,NOT_FROZEN,False,765a57cfb77812076c680918e6e0e8412cf94a08ad686fb6e83200f80ef56db0
stage_a_discovery_v1,536,SA-D007-R01,SA-D007,7,R01,1,resilient_core,development,False,76c5ee8a63a8ae4edf61ae630b583b80f232026899cabc5895aa3db28f2bde41,NOT_FROZEN,False,283fa118c381b4127cffd729d26b65df6f65b3020a549718bfce937f57a25978
stage_a_discovery_v1,537,SA-D007-R02,SA-D007,7,R02,2,resilient_core,development,False,76c5ee8a63a8ae4edf61ae630b583b80f232026899cabc5895aa3db28f2bde41,NOT_FROZEN,False,65ab86ec4fcd4e643afc949c2b6b72f56e92be63753c6d45d3aa81ae890a26f2
stage_a_discovery_v1,538,SA-D007-R03,SA-D007,7,R03,3,resilient_core,development,False,76c5ee8a63a8ae4edf61ae630b583b80f232026899cabc5895aa3db28f2bde41,NOT_FROZEN,False,27047316d933c108b5bb551cdf1eb332ff7e799c6b0e95ca26b079af6677f93a
stage_a_discovery_v1,539,SA-D007-R04,SA-D007,7,R04,4,resilient_core,development,False,76c5ee8a63a8ae4edf61ae630b583b80f232026899cabc5895aa3db28f2bde41,NOT_FROZEN,False,392ffb5fdec7cdb1efc1b1994cbd1c43eea4b32d996adc7ece83cf54d80b8b18
stage_a_discovery_v1,540,SA-D008-R00,SA-D008,8,R00,0,resilient_core,validation,False,6747b1dfe6d1fddc8e42e564ce279872a9811fc1dca50cdfb1ebacd50350ac36,NOT_FROZEN,False,b5c058273c55b58b7c8d6338a691eae3503e40a4e4bf4a4221f5d118da262e93
stage_a_discovery_v1,541,SA-D008-R01,SA-D008,8,R01,1,resilient_core,validation,False,6747b1dfe6d1fddc8e42e564ce279872a9811fc1dca50cdfb1ebacd50350ac36,NOT_FROZEN,False,f0b01c992e5378802296eea61bedad91703d229e11aa1359034fe0bdacdeb337
stage_a_discovery_v1,542,SA-D008-R02,SA-D008,8,R02,2,resilient_core,validation,False,6747b1dfe6d1fddc8e42e564ce279872a9811fc1dca50cdfb1ebacd50350ac36,NOT_FROZEN,False,70b8ba554fe76b806524c626bb4dc59c4b46a7dd4994f2d24840381f7fef5644
stage_a_discovery_v1,543,SA-D008-R03,SA-D008,8,R03,3,resilient_core,validation,False,6747b1dfe6d1fddc8e42e564ce279872a9811fc1dca50cdfb1ebacd50350ac36,NOT_FROZEN,False,061aa60be16179c5a95d6d38804ffb31a303e85be2ab7c2075384604d9d4365b
stage_a_discovery_v1,544,SA-D008-R04,SA-D008,8,R04,4,resilient_core,validation,False,6747b1dfe6d1fddc8e42e564ce279872a9811fc1dca50cdfb1ebacd50350ac36,NOT_FROZEN,False,95b8b7c89a2cf49b91fa8c7207c60ce3c923baacf09d141b94d5ff54da48456f
stage_a_discovery_v1,545,SA-D009-R00,SA-D009,9,R00,0,resilient_core,validation,False,df48fc156562af2ed3ecf37f0761b9307dfe92d152d83c562f84347e0af16fed,NOT_FROZEN,False,a65c2c36b29adaf9c0bb1b2cf377841b7d509ac4b5301a8795cfce5f249f26a7
stage_a_discovery_v1,546,SA-D009-R01,SA-D009,9,R01,1,resilient_core,validation,False,df48fc156562af2ed3ecf37f0761b9307dfe92d152d83c562f84347e0af16fed,NOT_FROZEN,False,29c91bb463515e456829fd4be099f56fcf6232502d05ae30b785cd1bd229bd46
stage_a_discovery_v1,547,SA-D009-R02,SA-D009,9,R02,2,resilient_core,validation,False,df48fc156562af2ed3ecf37f0761b9307dfe92d152d83c562f84347e0af16fed,NOT_FROZEN,False,b0c8547b5da7a1e8e327dce921425534be520f4b82d721cd60418cba14c48d41
stage_a_discovery_v1,548,SA-D009-R03,SA-D009,9,R03,3,resilient_core,validation,False,df48fc156562af2ed3ecf37f0761b9307dfe92d152d83c562f84347e0af16fed,NOT_FROZEN,False,7c744b14b9e1e23910a7fa6ce023201a4617052a4c9c599a020e3edf6f75cb7d
stage_a_discovery_v1,549,SA-D009-R04,SA-D009,9,R04,4,resilient_core,validation,False,df48fc156562af2ed3ecf37f0761b9307dfe92d152d83c562f84347e0af16fed,NOT_FROZEN,False,c3d988f13a694a942512df29fc0f7b5d6b05c209c5f008cedbe0247e0f17329e
stage_a_discovery_v1,550,SA-D010-R00,SA-D010,10,R00,0,resilient_core,sealed_holdout,True,74ea67179ce8629d89ceb2126c3f63259cee98cb3a0349a1ad5c7c95208bdd8e,NOT_FROZEN,False,e45bfe8038175ac22edda05c8883ed0d64b6d6db5b98a6b1e3a9d26f5ff483b3
stage_a_discovery_v1,551,SA-D010-R01,SA-D010,10,R01,1,resilient_core,sealed_holdout,True,74ea67179ce8629d89ceb2126c3f63259cee98cb3a0349a1ad5c7c95208bdd8e,NOT_FROZEN,False,9d931751d5483e24ff638ba75d4330bcd90438cfd8ba7da133e8947078bc7c72
stage_a_discovery_v1,552,SA-D010-R02,SA-D010,10,R02,2,resilient_core,sealed_holdout,True,74ea67179ce8629d89ceb2126c3f63259cee98cb3a0349a1ad5c7c95208bdd8e,NOT_FROZEN,False,6d6fb30e18ae3d41a16cdcc444505d810f951cd33da24252e8054fd099eddd70
stage_a_discovery_v1,553,SA-D010-R03,SA-D010,10,R03,3,resilient_core,sealed_holdout,True,74ea67179ce8629d89ceb2126c3f63259cee98cb3a0349a1ad5c7c95208bdd8e,NOT_FROZEN,False,4ad0a0d2e3cf385ec5a26fecbba754183e4d75ac7c1ef85273355dba04463f6c
stage_a_discovery_v1,554,SA-D010-R04,SA-D010,10,R04,4,resilient_core,sealed_holdout,True,74ea67179ce8629d89ceb2126c3f63259cee98cb3a0349a1ad5c7c95208bdd8e,NOT_FROZEN,False,a630d8bde726d9e23e05abdd15ddd84681e52184372f67440f06ba5a933a4db7
stage_a_discovery_v1,555,SA-D011-R00,SA-D011,11,R00,0,resilient_core,sealed_holdout,True,2597707c891c6a89bd08809d10e0e60a4942bf1929ed3ee2844d93b50aad3023,NOT_FROZEN,False,dfd69c1ce418ee41caa8298892728055c32b780bf29063b701a8084be84337a0
stage_a_discovery_v1,556,SA-D011-R01,SA-D011,11,R01,1,resilient_core,sealed_holdout,True,2597707c891c6a89bd08809d10e0e60a4942bf1929ed3ee2844d93b50aad3023,NOT_FROZEN,False,2ff23b84abf70981d57e24a6667f94e73edf973a59c84471347c8ac680265855
stage_a_discovery_v1,557,SA-D011-R02,SA-D011,11,R02,2,resilient_core,sealed_holdout,True,2597707c891c6a89bd08809d10e0e60a4942bf1929ed3ee2844d93b50aad3023,NOT_FROZEN,False,e9725e02fa0a56fdbedea7c291a88cdb11cf3ef269582f9c09dff561951e8649
stage_a_discovery_v1,558,SA-D011-R03,SA-D011,11,R03,3,resilient_core,sealed_holdout,True,2597707c891c6a89bd08809d10e0e60a4942bf1929ed3ee2844d93b50aad3023,NOT_FROZEN,False,a166e552628ac733c439e2e4a23b287cc6005b4a1b7c1a79d931a2a722ede799
stage_a_discovery_v1,559,SA-D011-R04,SA-D011,11,R04,4,resilient_core,sealed_holdout,True,2597707c891c6a89bd08809d10e0e60a4942bf1929ed3ee2844d93b50aad3023,NOT_FROZEN,False,6134d0c7ae6a564cc13a14a620b523b59396f4d25d882f63bd9199674a086540
stage_a_discovery_v1,560,SA-D012-R00,SA-D012,12,R00,0,boundary,development,False,1892f9fe2d566bf640a06009cf3b2510b482194a18e386c30479ddd3468b28d4,NOT_FROZEN,False,a0032a21a6fcde424e7c8904f53df26893d4b8596b212b67b291cb111a7389d7
stage_a_discovery_v1,561,SA-D012-R01,SA-D012,12,R01,1,boundary,development,False,1892f9fe2d566bf640a06009cf3b2510b482194a18e386c30479ddd3468b28d4,NOT_FROZEN,False,e3be52c93f671b35979c8cf83a4f5b6803f36ca0330c18878a83b9043378a7d1
stage_a_discovery_v1,562,SA-D012-R02,SA-D012,12,R02,2,boundary,development,False,1892f9fe2d566bf640a06009cf3b2510b482194a18e386c30479ddd3468b28d4,NOT_FROZEN,False,1db46f0435444221df37053aaf98d2c6e3e756e111ef6bc4f3685ab3da21233f
stage_a_discovery_v1,563,SA-D012-R03,SA-D012,12,R03,3,boundary,development,False,1892f9fe2d566bf640a06009cf3b2510b482194a18e386c30479ddd3468b28d4,NOT_FROZEN,False,a50051e7234bf14cac6c7a0a7ea9ecbfb1d563dd5010502cfdffd087a83306f0
stage_a_discovery_v1,564,SA-D012-R04,SA-D012,12,R04,4,boundary,development,False,1892f9fe2d566bf640a06009cf3b2510b482194a18e386c30479ddd3468b28d4,NOT_FROZEN,False,8cc34309926c1749d2bb52f63bf000395f1a5089148e2894d1c5693aae43c5f3
stage_a_discovery_v1,565,SA-D013-R00,SA-D013,13,R00,0,boundary,development,False,d2b011e6ce59e44bbdfb695af8a45168f8836174561f05684fafd46d9092affc,NOT_FROZEN,False,488252c8f76ac7d481b85b905dda19c235c606d9e71c8ca7efee164945a4484f
stage_a_discovery_v1,566,SA-D013-R01,SA-D013,13,R01,1,boundary,development,False,d2b011e6ce59e44bbdfb695af8a45168f8836174561f05684fafd46d9092affc,NOT_FROZEN,False,9a1e4c4ee95dcbdc18c9424194a43046f67c382770b6257141f30f5cb24acf8b
stage_a_discovery_v1,567,SA-D013-R02,SA-D013,13,R02,2,boundary,development,False,d2b011e6ce59e44bbdfb695af8a45168f8836174561f05684fafd46d9092affc,NOT_FROZEN,False,c3367aed13e913aa4a62f867e5fdf87a8d9897d070481c0b7c325dbced0a6d98
stage_a_discovery_v1,568,SA-D013-R03,SA-D013,13,R03,3,boundary,development,False,d2b011e6ce59e44bbdfb695af8a45168f8836174561f05684fafd46d9092affc,NOT_FROZEN,False,74d78f7b020b716d27ad56d533adaf2591a0ac3bd78628f72f69d9008ca4af93
stage_a_discovery_v1,569,SA-D013-R04,SA-D013,13,R04,4,boundary,development,False,d2b011e6ce59e44bbdfb695af8a45168f8836174561f05684fafd46d9092affc,NOT_FROZEN,False,5c6aeeb828339e2c5cb99a1636b72afce33a32ab593a9094a4fa836ead0c5383
stage_a_discovery_v1,570,SA-D014-R00,SA-D014,14,R00,0,boundary,development,False,71ddb60aa969fd3b84e705152364cb63d4059eecc5accd77441fc0b77301624c,NOT_FROZEN,False,f5b5478379eff499cac3fa60d37c524bfbba5a1ccbf0435051d11140c7bcb6c7
stage_a_discovery_v1,571,SA-D014-R01,SA-D014,14,R01,1,boundary,development,False,71ddb60aa969fd3b84e705152364cb63d4059eecc5accd77441fc0b77301624c,NOT_FROZEN,False,49655ae881385a4d5434d759404283c971c699f86dfc9c49dd6d1b63da793b16
stage_a_discovery_v1,572,SA-D014-R02,SA-D014,14,R02,2,boundary,development,False,71ddb60aa969fd3b84e705152364cb63d4059eecc5accd77441fc0b77301624c,NOT_FROZEN,False,8deb38c109bc0f72f370b8ad00f6dc2e7d3cfe97b7f66beeebe949af625a03dc
stage_a_discovery_v1,573,SA-D014-R03,SA-D014,14,R03,3,boundary,development,False,71ddb60aa969fd3b84e705152364cb63d4059eecc5accd77441fc0b77301624c,NOT_FROZEN,False,83a903e7ca1ce77037af0739bdca5fa5ccc0f1fd6e16c3d725dc8cd567c5158f
stage_a_discovery_v1,574,SA-D014-R04,SA-D014,14,R04,4,boundary,development,False,71ddb60aa969fd3b84e705152364cb63d4059eecc5accd77441fc0b77301624c,NOT_FROZEN,False,f1f02dfa7ee3eebacf53dade068fdaff94276addb9e1fc5f28365118a1ec6566
stage_a_discovery_v1,575,SA-D015-R00,SA-D015,15,R00,0,boundary,development,False,4a085435548f63d5aa44a6478a51f45dd74b8bec4e17a560c0e2f1bf813f9cd9,NOT_FROZEN,False,f03a577b1637a66bed335f3501d7661c0326670aedefff7d718bb1d0778a7bae
stage_a_discovery_v1,576,SA-D015-R01,SA-D015,15,R01,1,boundary,development,False,4a085435548f63d5aa44a6478a51f45dd74b8bec4e17a560c0e2f1bf813f9cd9,NOT_FROZEN,False,1d24e73f82046ac2e8b6ab7a886790dae3d4f99aece55d5552a87103f416df69
stage_a_discovery_v1,577,SA-D015-R02,SA-D015,15,R02,2,boundary,development,False,4a085435548f63d5aa44a6478a51f45dd74b8bec4e17a560c0e2f1bf813f9cd9,NOT_FROZEN,False,f5798a2f787cefb69e6aacfc99e92b923ea6b5ff664fc5d62d6e8570854961bb
stage_a_discovery_v1,578,SA-D015-R03,SA-D015,15,R03,3,boundary,development,False,4a085435548f63d5aa44a6478a51f45dd74b8bec4e17a560c0e2f1bf813f9cd9,NOT_FROZEN,False,42ad168edf5a0983084c8381ab324fb92dfd45b6765eb97dac317647aa344d9f
stage_a_discovery_v1,579,SA-D015-R04,SA-D015,15,R04,4,boundary,development,False,4a085435548f63d5aa44a6478a51f45dd74b8bec4e17a560c0e2f1bf813f9cd9,NOT_FROZEN,False,60e74f3c24ba12cba1e603a316285de0206f671146e9c87dd1461b55efb3eca5
stage_a_discovery_v1,580,SA-D016-R00,SA-D016,16,R00,0,boundary,development,False,132c51b287dde3cfadeeac6a990cc5a0b0555d5fa2286b6e0176d91f9bc5b1cb,NOT_FROZEN,False,99cd2ec4f447ff2d19368a124432c7e68ef017cd490808969907efceca6fbdc1
stage_a_discovery_v1,581,SA-D016-R01,SA-D016,16,R01,1,boundary,development,False,132c51b287dde3cfadeeac6a990cc5a0b0555d5fa2286b6e0176d91f9bc5b1cb,NOT_FROZEN,False,9dee8d424592d21bcc42aaae38165e1922539afaf16dde571db8fc7b80c4d4f0
stage_a_discovery_v1,582,SA-D016-R02,SA-D016,16,R02,2,boundary,development,False,132c51b287dde3cfadeeac6a990cc5a0b0555d5fa2286b6e0176d91f9bc5b1cb,NOT_FROZEN,False,e813c094410834f9e373f1fecb161b37b1178f796c6ad77b36eaa25d1ab7a4b6
stage_a_discovery_v1,583,SA-D016-R03,SA-D016,16,R03,3,boundary,development,False,132c51b287dde3cfadeeac6a990cc5a0b0555d5fa2286b6e0176d91f9bc5b1cb,NOT_FROZEN,False,558135f43c81f868754e17ca66e378c08b2d7fa7e10ecb3a926172200ae104db
stage_a_discovery_v1,584,SA-D016-R04,SA-D016,16,R04,4,boundary,development,False,132c51b287dde3cfadeeac6a990cc5a0b0555d5fa2286b6e0176d91f9bc5b1cb,NOT_FROZEN,False,3b821f3d6e02945ea847f4642e5d89f3b6f3f353c32a4866515b2b8bda2cffc3
stage_a_discovery_v1,585,SA-D017-R00,SA-D017,17,R00,0,boundary,development,False,bb5a34b02ef6e0dcb23802230c6cd89dd19710b980e61349997feed63bb258b6,NOT_FROZEN,False,0f66607690fde695e28737f41397e07810d5983db3fd3fb482bc4397b5342134
stage_a_discovery_v1,586,SA-D017-R01,SA-D017,17,R01,1,boundary,development,False,bb5a34b02ef6e0dcb23802230c6cd89dd19710b980e61349997feed63bb258b6,NOT_FROZEN,False,0610cba93bcfcca18c1be136e39284c9943f18c3fcd6353126fd391b19c6972b
stage_a_discovery_v1,587,SA-D017-R02,SA-D017,17,R02,2,boundary,development,False,bb5a34b02ef6e0dcb23802230c6cd89dd19710b980e61349997feed63bb258b6,NOT_FROZEN,False,b07f6b89cae257701bb2ff1d8749ada584a410261b715a4bd5ff254f5d7c0312
stage_a_discovery_v1,588,SA-D017-R03,SA-D017,17,R03,3,boundary,development,False,bb5a34b02ef6e0dcb23802230c6cd89dd19710b980e61349997feed63bb258b6,NOT_FROZEN,False,49072e1ef6d0622ba08d74eaa72bb51830d07c5db8f79810b1823e093ff6cbe4
stage_a_discovery_v1,589,SA-D017-R04,SA-D017,17,R04,4,boundary,development,False,bb5a34b02ef6e0dcb23802230c6cd89dd19710b980e61349997feed63bb258b6,NOT_FROZEN,False,ee7c3dedca6d6d9cfa657e45c90029d6d3b4e1d636a4a1f4265edc58b81136ac
stage_a_discovery_v1,590,SA-D018-R00,SA-D018,18,R00,0,boundary,development,False,af737e9954329e9658ab9c27c73d3972cd1bd6146ed69564dc35a3d130bea327,NOT_FROZEN,False,ab38d00137a75e291ba53f080842d9994e4b9b3b7a848e55df0ecdd83e08d615
stage_a_discovery_v1,591,SA-D018-R01,SA-D018,18,R01,1,boundary,development,False,af737e9954329e9658ab9c27c73d3972cd1bd6146ed69564dc35a3d130bea327,NOT_FROZEN,False,9d16fe4629b8a0e9a7f0ea38cd7654a0d9e6058fdde7420703af64a0f444c6fa
stage_a_discovery_v1,592,SA-D018-R02,SA-D018,18,R02,2,boundary,development,False,af737e9954329e9658ab9c27c73d3972cd1bd6146ed69564dc35a3d130bea327,NOT_FROZEN,False,7d24d8a47b6404246377037c022bad6b868da182c99e112e7691175c157a5fde
stage_a_discovery_v1,593,SA-D018-R03,SA-D018,18,R03,3,boundary,development,False,af737e9954329e9658ab9c27c73d3972cd1bd6146ed69564dc35a3d130bea327,NOT_FROZEN,False,0fb820ccc9a60ff94a884ebedb138eae092a548b75f727f01f4cd300e5ab8629
stage_a_discovery_v1,594,SA-D018-R04,SA-D018,18,R04,4,boundary,development,False,af737e9954329e9658ab9c27c73d3972cd1bd6146ed69564dc35a3d130bea327,NOT_FROZEN,False,e0915ed0cc254a65f1b3289cb484a020897fb54b46e166c1e07a20e334c70be4
stage_a_discovery_v1,595,SA-D019-R00,SA-D019,19,R00,0,boundary,development,False,36cce8e440a1d19406b7bbf6b4c47b4bd97ab2e311a182b18d538f9a55769783,NOT_FROZEN,False,91b8f428123df24ff33242cecab83f01ac85d6d56cdcbb4f704833e4956e6667
stage_a_discovery_v1,596,SA-D019-R01,SA-D019,19,R01,1,boundary,development,False,36cce8e440a1d19406b7bbf6b4c47b4bd97ab2e311a182b18d538f9a55769783,NOT_FROZEN,False,215321a9a39367904e1576dc20590ed88152d796a666b89c961c71323c06c12b
stage_a_discovery_v1,597,SA-D019-R02,SA-D019,19,R02,2,boundary,development,False,36cce8e440a1d19406b7bbf6b4c47b4bd97ab2e311a182b18d538f9a55769783,NOT_FROZEN,False,2228dd96bea32d87289d647cc0edcf2319f0458bb7439b7689810e401fe74575
stage_a_discovery_v1,598,SA-D019-R03,SA-D019,19,R03,3,boundary,development,False,36cce8e440a1d19406b7bbf6b4c47b4bd97ab2e311a182b18d538f9a55769783,NOT_FROZEN,False,7115927bc86f6473f70748d38d85dc615350c301c2b934475273399c43904314
stage_a_discovery_v1,599,SA-D019-R04,SA-D019,19,R04,4,boundary,development,False,36cce8e440a1d19406b7bbf6b4c47b4bd97ab2e311a182b18d538f9a55769783,NOT_FROZEN,False,32abcbc8b84e214187f034327f2ab3c6e1e463bb9fcef048105ef749cf5ab95b
stage_a_discovery_v1,600,SA-D020-R00,SA-D020,20,R00,0,boundary,validation,False,a3db5488a01ec29de3619761bccd032ba8d8c14c396b6448d1ceec397f1caffe,NOT_FROZEN,False,fc9300a179a96418f60e97d1be7740f30d993945a2187625da0146d58d2e42c4
stage_a_discovery_v1,601,SA-D020-R01,SA-D020,20,R01,1,boundary,validation,False,a3db5488a01ec29de3619761bccd032ba8d8c14c396b6448d1ceec397f1caffe,NOT_FROZEN,False,8ba55a7ea746d824ed7468774e112a52580f6a8dce8065df701f9b47cb555329
stage_a_discovery_v1,602,SA-D020-R02,SA-D020,20,R02,2,boundary,validation,False,a3db5488a01ec29de3619761bccd032ba8d8c14c396b6448d1ceec397f1caffe,NOT_FROZEN,False,7fad3a2d69328dd6395e5854cca085b7e981365b5b6d6130c28a8dbea0b56451
stage_a_discovery_v1,603,SA-D020-R03,SA-D020,20,R03,3,boundary,validation,False,a3db5488a01ec29de3619761bccd032ba8d8c14c396b6448d1ceec397f1caffe,NOT_FROZEN,False,2f799c0ca850842136409242cdc671a0d0d33442ed37bca1f064d087e2890f3a
stage_a_discovery_v1,604,SA-D020-R04,SA-D020,20,R04,4,boundary,validation,False,a3db5488a01ec29de3619761bccd032ba8d8c14c396b6448d1ceec397f1caffe,NOT_FROZEN,False,45f54aab90d40e9712258a51d71bda85bd471c328cf78960f27e17e83b7abeff
stage_a_discovery_v1,605,SA-D021-R00,SA-D021,21,R00,0,boundary,validation,False,bd77e3013cac44bdd48a0cce6963d3ff9f382ab7627a29d8ca91b837f4f9dcf9,NOT_FROZEN,False,d6b4313363bb4b264387a31f41e34ff14f403f1dcdd427cd39082a135c973a1a
stage_a_discovery_v1,606,SA-D021-R01,SA-D021,21,R01,1,boundary,validation,False,bd77e3013cac44bdd48a0cce6963d3ff9f382ab7627a29d8ca91b837f4f9dcf9,NOT_FROZEN,False,99dc4c3c32661ad4ad4fe3bf376ddab4d4870c6c290e743f90eeb98726d9568b
stage_a_discovery_v1,607,SA-D021-R02,SA-D021,21,R02,2,boundary,validation,False,bd77e3013cac44bdd48a0cce6963d3ff9f382ab7627a29d8ca91b837f4f9dcf9,NOT_FROZEN,False,076d5c54718e4046afc25de84309df5e7e5f8c39d97798abe71359ae9d3ccc1e
stage_a_discovery_v1,608,SA-D021-R03,SA-D021,21,R03,3,boundary,validation,False,bd77e3013cac44bdd48a0cce6963d3ff9f382ab7627a29d8ca91b837f4f9dcf9,NOT_FROZEN,False,b8241f8f19d5dcfedc722d08cc4cb3ca4cdc1b68f677851d22df70d69e04d5f7
stage_a_discovery_v1,609,SA-D021-R04,SA-D021,21,R04,4,boundary,validation,False,bd77e3013cac44bdd48a0cce6963d3ff9f382ab7627a29d8ca91b837f4f9dcf9,NOT_FROZEN,False,d1cfe42217824209e2f13b2843cfd5ba8dce54b4d2b4bda3b4d57ab3ff39a6d6
stage_a_discovery_v1,610,SA-D022-R00,SA-D022,22,R00,0,boundary,sealed_holdout,True,5a42aa2acb222b72fd0528707627c8122227c89456433dd0539b7de01e8fb0a6,NOT_FROZEN,False,7c14aac59d0669a574ce94793f40d3328cd13d1c61466b286865360306af3fb7
stage_a_discovery_v1,611,SA-D022-R01,SA-D022,22,R01,1,boundary,sealed_holdout,True,5a42aa2acb222b72fd0528707627c8122227c89456433dd0539b7de01e8fb0a6,NOT_FROZEN,False,f3708de5d4c52ea35518eae59d3305326c3048a26e5275adc18f702d7229439a
stage_a_discovery_v1,612,SA-D022-R02,SA-D022,22,R02,2,boundary,sealed_holdout,True,5a42aa2acb222b72fd0528707627c8122227c89456433dd0539b7de01e8fb0a6,NOT_FROZEN,False,4df8ca2948d6c52f5f638c61012a2fa9b6f1734d49253c292d23215cb57be040
stage_a_discovery_v1,613,SA-D022-R03,SA-D022,22,R03,3,boundary,sealed_holdout,True,5a42aa2acb222b72fd0528707627c8122227c89456433dd0539b7de01e8fb0a6,NOT_FROZEN,False,e482bdd82853b90b444ec06ac7bcbb4da1eac2c6aac75ed2e83c4a9661b03eaa
stage_a_discovery_v1,614,SA-D022-R04,SA-D022,22,R04,4,boundary,sealed_holdout,True,5a42aa2acb222b72fd0528707627c8122227c89456433dd0539b7de01e8fb0a6,NOT_FROZEN,False,e8a1b867948c56af5a0d97733ec6c4a2d80382e0f725607f70cf4c949b415af9
stage_a_discovery_v1,615,SA-D023-R00,SA-D023,23,R00,0,boundary,sealed_holdout,True,4ab36df1851e5492940c64eb3c2b873377327c43147fc899ca17e1a4311393b2,NOT_FROZEN,False,93be873a1761052ada0cba50da072325f40ade086c36eb05bdfb8d84a12d9e79
stage_a_discovery_v1,616,SA-D023-R01,SA-D023,23,R01,1,boundary,sealed_holdout,True,4ab36df1851e5492940c64eb3c2b873377327c43147fc899ca17e1a4311393b2,NOT_FROZEN,False,4fe432ca1d3854a9492369448d86653218cfb90522b0b293daac508a35b6677f
stage_a_discovery_v1,617,SA-D023-R02,SA-D023,23,R02,2,boundary,sealed_holdout,True,4ab36df1851e5492940c64eb3c2b873377327c43147fc899ca17e1a4311393b2,NOT_FROZEN,False,a492d29fc4d6913b37d2199541592d2275734b1af5bb43c438c831e7e265dc4f
stage_a_discovery_v1,618,SA-D023-R03,SA-D023,23,R03,3,boundary,sealed_holdout,True,4ab36df1851e5492940c64eb3c2b873377327c43147fc899ca17e1a4311393b2,NOT_FROZEN,False,990db351724f4b182ff4d5c787e359400ec82e09545a7deb55cd9ff045b3db42
stage_a_discovery_v1,619,SA-D023-R04,SA-D023,23,R04,4,boundary,sealed_holdout,True,4ab36df1851e5492940c64eb3c2b873377327c43147fc899ca17e1a4311393b2,NOT_FROZEN,False,5e498afd378da4ce475d1fafc36286836229f1a8dfcd7ea71c212dbf7314933c
stage_a_discovery_v1,620,SA-D024-R00,SA-D024,24,R00,0,global_control,development,False,c9e6478bd6185df54c3e1489b61fa2857ecd3992325a0073749fb99a6ad8a96c,NOT_FROZEN,False,acff8e4d7418e1e02b91c34a04b54500de523d3eea191aafc85f81c8f9cbd666
stage_a_discovery_v1,621,SA-D024-R01,SA-D024,24,R01,1,global_control,development,False,c9e6478bd6185df54c3e1489b61fa2857ecd3992325a0073749fb99a6ad8a96c,NOT_FROZEN,False,fb5f3406d76b3653abd3d95e5280ac1b045e7717bc6eba3a06f350e008bf677f
stage_a_discovery_v1,622,SA-D024-R02,SA-D024,24,R02,2,global_control,development,False,c9e6478bd6185df54c3e1489b61fa2857ecd3992325a0073749fb99a6ad8a96c,NOT_FROZEN,False,83df723d78ff69bf2366eea8707817c31d776c42298ea2707282b90127c4c88d
stage_a_discovery_v1,623,SA-D024-R03,SA-D024,24,R03,3,global_control,development,False,c9e6478bd6185df54c3e1489b61fa2857ecd3992325a0073749fb99a6ad8a96c,NOT_FROZEN,False,8e8096896a9dc5f8d95002278dc67b048abf8312ca2b385365050016d2728ef4
stage_a_discovery_v1,624,SA-D024-R04,SA-D024,24,R04,4,global_control,development,False,c9e6478bd6185df54c3e1489b61fa2857ecd3992325a0073749fb99a6ad8a96c,NOT_FROZEN,False,6498200c620ff492101bd54758cf823a4b9fa02228f7792851459e808c72ff71
stage_a_discovery_v1,625,SA-D025-R00,SA-D025,25,R00,0,global_control,development,False,3dc19da5e1ac95c96955245bfe33196461423c1591d189b181fca47199365ee4,NOT_FROZEN,False,4abd251c7025885cf9df8de3b15045ba343a3fb22b925573e28c4f0b97348cbe
stage_a_discovery_v1,626,SA-D025-R01,SA-D025,25,R01,1,global_control,development,False,3dc19da5e1ac95c96955245bfe33196461423c1591d189b181fca47199365ee4,NOT_FROZEN,False,006dc547e8b3bb248d5807908eac80a4ee6bcde61899e800d3ca2ae72a00998d
stage_a_discovery_v1,627,SA-D025-R02,SA-D025,25,R02,2,global_control,development,False,3dc19da5e1ac95c96955245bfe33196461423c1591d189b181fca47199365ee4,NOT_FROZEN,False,5e614f6d33b9cd519c63bc7db59227c717839d0051a5ec6789e3e9b6cf4b3ed0
stage_a_discovery_v1,628,SA-D025-R03,SA-D025,25,R03,3,global_control,development,False,3dc19da5e1ac95c96955245bfe33196461423c1591d189b181fca47199365ee4,NOT_FROZEN,False,e989297e2471e65fa70f8b374beb6953ee698cae11eb6fbc965ba2de562d08c6
stage_a_discovery_v1,629,SA-D025-R04,SA-D025,25,R04,4,global_control,development,False,3dc19da5e1ac95c96955245bfe33196461423c1591d189b181fca47199365ee4,NOT_FROZEN,False,8cba5ae8335e5b7419c16f4cfe069fb843530a6551d2daafbc17589922db68b1
stage_a_discovery_v1,630,SA-D026-R00,SA-D026,26,R00,0,global_control,development,False,2f5345f12832e20909d22652cbfc689d6930e44d7f943714affc8c64260b7c34,NOT_FROZEN,False,e53e0bc8e001158a645ba66ad6a31dcafa27af6108d7c7166e59e7673250218b
stage_a_discovery_v1,631,SA-D026-R01,SA-D026,26,R01,1,global_control,development,False,2f5345f12832e20909d22652cbfc689d6930e44d7f943714affc8c64260b7c34,NOT_FROZEN,False,b4411495ab43d75ce0eef834f886b0b03c1b0d7d13bca599cc1dfe94e77d2100
stage_a_discovery_v1,632,SA-D026-R02,SA-D026,26,R02,2,global_control,development,False,2f5345f12832e20909d22652cbfc689d6930e44d7f943714affc8c64260b7c34,NOT_FROZEN,False,32d7718a5fa51270f6d9d5fd5a314374c3d68a085effcbad4be88726d1bfde9c
stage_a_discovery_v1,633,SA-D026-R03,SA-D026,26,R03,3,global_control,development,False,2f5345f12832e20909d22652cbfc689d6930e44d7f943714affc8c64260b7c34,NOT_FROZEN,False,9accb70f9a48befdcd25616991e4d34564dbf1e65b769dee4c3dec23f49a08e2
stage_a_discovery_v1,634,SA-D026-R04,SA-D026,26,R04,4,global_control,development,False,2f5345f12832e20909d22652cbfc689d6930e44d7f943714affc8c64260b7c34,NOT_FROZEN,False,1170c46cec1c634c6db0b84230531248b97c2165840d7e7f84dbd46bed8c193c
stage_a_discovery_v1,635,SA-D027-R00,SA-D027,27,R00,0,global_control,development,False,d86a2f7ea14cea0f53fc67ff142a892e24510dcef6eb819d5e5d2ff02ab372d2,NOT_FROZEN,False,9f8f16a965132679bd5959fb8a5c511ab75deff54375d36f05c5eb1436fb73f5
stage_a_discovery_v1,636,SA-D027-R01,SA-D027,27,R01,1,global_control,development,False,d86a2f7ea14cea0f53fc67ff142a892e24510dcef6eb819d5e5d2ff02ab372d2,NOT_FROZEN,False,53bc8e7f89af0d2563638777cb6cd46f3b3104b0593551c0ee198b3c20fee186
stage_a_discovery_v1,637,SA-D027-R02,SA-D027,27,R02,2,global_control,development,False,d86a2f7ea14cea0f53fc67ff142a892e24510dcef6eb819d5e5d2ff02ab372d2,NOT_FROZEN,False,792c440f5c9b9c5c865c2d4912ab7aebc6c051c37f1969a9be57043833d942e5
stage_a_discovery_v1,638,SA-D027-R03,SA-D027,27,R03,3,global_control,development,False,d86a2f7ea14cea0f53fc67ff142a892e24510dcef6eb819d5e5d2ff02ab372d2,NOT_FROZEN,False,f1f00a8283484022f2fd345507d3e74778d7190aec0d1e86fa4a2113766bf11a
stage_a_discovery_v1,639,SA-D027-R04,SA-D027,27,R04,4,global_control,development,False,d86a2f7ea14cea0f53fc67ff142a892e24510dcef6eb819d5e5d2ff02ab372d2,NOT_FROZEN,False,cb70fb193eb25d1eecd0562a7678983ae6b13d4eaee1693eb9dc4227dc500ee3
stage_a_discovery_v1,640,SA-D028-R00,SA-D028,28,R00,0,global_control,validation,False,05a2845d0e501e90bf575950565118ef9c374089ed31a6ec221579778e8a0d86,NOT_FROZEN,False,3bf0759e296c0799cb32da9102d8f415b5f2f24bbd72acb5281d2688517c926b
stage_a_discovery_v1,641,SA-D028-R01,SA-D028,28,R01,1,global_control,validation,False,05a2845d0e501e90bf575950565118ef9c374089ed31a6ec221579778e8a0d86,NOT_FROZEN,False,36d54215b8b7c9909aca4cc19c7517adf74819058f32b48da055a430800737c2
stage_a_discovery_v1,642,SA-D028-R02,SA-D028,28,R02,2,global_control,validation,False,05a2845d0e501e90bf575950565118ef9c374089ed31a6ec221579778e8a0d86,NOT_FROZEN,False,b6e0d80c2c740c7273e785619c7c601226e2b71b383f2440bcc38372e2466734
stage_a_discovery_v1,643,SA-D028-R03,SA-D028,28,R03,3,global_control,validation,False,05a2845d0e501e90bf575950565118ef9c374089ed31a6ec221579778e8a0d86,NOT_FROZEN,False,f153e45e578e9f886c3d6ed32ea6c7ef9a9a19a68a6a22693f6ea89ac72ce1a7
stage_a_discovery_v1,644,SA-D028-R04,SA-D028,28,R04,4,global_control,validation,False,05a2845d0e501e90bf575950565118ef9c374089ed31a6ec221579778e8a0d86,NOT_FROZEN,False,5b14dbe89babdbe3614c419a6967880d16c7a255d77ec58dd4426469dd30cc14
stage_a_discovery_v1,645,SA-D029-R00,SA-D029,29,R00,0,global_control,sealed_holdout,True,547bb178dd3c7d9fb03e5893a417e1ce7fedb3dea14b4eb6ba670d11df031d48,NOT_FROZEN,False,4c4efba2762eab28dd6ede3f0328dbd8b1126a44ea4ea1695eda76c4c9d8457e
stage_a_discovery_v1,646,SA-D029-R01,SA-D029,29,R01,1,global_control,sealed_holdout,True,547bb178dd3c7d9fb03e5893a417e1ce7fedb3dea14b4eb6ba670d11df031d48,NOT_FROZEN,False,5132f6b50ddc2d2790818164f96f3116623ae9cc088fec9ef4289d6a431941fe
stage_a_discovery_v1,647,SA-D029-R02,SA-D029,29,R02,2,global_control,sealed_holdout,True,547bb178dd3c7d9fb03e5893a417e1ce7fedb3dea14b4eb6ba670d11df031d48,NOT_FROZEN,False,9e976c2e6fb5ab46a1232a3bd08032d32b1cfe5452d0d2372b5dfbf52dab5f25
stage_a_discovery_v1,648,SA-D029-R03,SA-D029,29,R03,3,global_control,sealed_holdout,True,547bb178dd3c7d9fb03e5893a417e1ce7fedb3dea14b4eb6ba670d11df031d48,NOT_FROZEN,False,728b497966194bddf655101271701358aa4be0f78ceb1651ed6c5aed1b67030d
stage_a_discovery_v1,649,SA-D029-R04,SA-D029,29,R04,4,global_control,sealed_holdout,True,547bb178dd3c7d9fb03e5893a417e1ce7fedb3dea14b4eb6ba670d11df031d48,NOT_FROZEN,False,e54af1ba9d7118a9b0ae80723f98e7aafb1e74122fc16dbb3477ffe910c4435c
