global_run_id,run_key,design_id,realization_id,partition,run_record_hash,design_record_hash,design_construction_seed,ground_selection_seed,satellite_failure_seed,ground_failure_seed
500,SA-D000-R00,SA-D000,R00,development,8b6acf37f0931798102558405fb750dfdd5c1ff7019f4e159727ee2c3bd4e226,2bddeef8e61a78a98a77415d0257b8776a4359914d56ec68feed19790fe546af,5916678999519018533,2020593355045750617,3637353829212594445,4705388230059062607
501,SA-D000-R01,SA-D000,R01,development,4f2f671ff1589ac5ddf70575d5ea61411485c1db846d501c77b4371fb2a01794,2bddeef8e61a78a98a77415d0257b8776a4359914d56ec68feed19790fe546af,5916678999519018533,2020593355045750617,1672807954566102762,8352699344352948264
502,SA-D000-R02,SA-D000,R02,development,7e12e9757a2894b453ceab862b49d973be531d4bf8411ec8044c18a5ea111541,2bddeef8e61a78a98a77415d0257b8776a4359914d56ec68feed19790fe546af,5916678999519018533,2020593355045750617,4234596189870135025,5582179345025295491
503,SA-D000-R03,SA-D000,R03,development,3aa8f1371ed461e5c7671fc940522726cacbfd40a2d46ecdb22b1ba2a3601ac1,2bddeef8e61a78a98a77415d0257b8776a4359914d56ec68feed19790fe546af,5916678999519018533,2020593355045750617,5846465658846692397,6372864753520296650
504,SA-D000-R04,SA-D000,R04,development,009571d2c0df3c47cdf2ce86be11cd9e8ff89a9ef89a53c6820b6473fc5322cc,2bddeef8e61a78a98a77415d0257b8776a4359914d56ec68feed19790fe546af,5916678999519018533,2020593355045750617,2013430866090993280,1092096469416631456
505,SA-D001-R00,SA-D001,R00,development,bbdd7bfab8bb69fe4cf7561a155394ce5ce095a7999dfb54d7c3d89396de74d2,00c12c0600553199942014873b2c803ff371a34d3031f34920a26e8805188588,195543672308651180,7418058890583167870,6583194007119487122,8791740095970083844
506,SA-D001-R01,SA-D001,R01,development,067c907c6c9aa89ab05dd9796b0bc26171c9f82f482b73e779ca007a0cd3f906,00c12c0600553199942014873b2c803ff371a34d3031f34920a26e8805188588,195543672308651180,7418058890583167870,1310925541743932018,829850516229926246
507,SA-D001-R02,SA-D001,R02,development,d795c1849aefea6ddad22789a6c548804d4434cd235e22e33f837898e13f943a,00c12c0600553199942014873b2c803ff371a34d3031f34920a26e8805188588,195543672308651180,7418058890583167870,1314283896538075492,5186673681554697005
508,SA-D001-R03,SA-D001,R03,development,bf0853f33cdba002be2b11470d910ce953a324c1931dec762a13c1015a928459,00c12c0600553199942014873b2c803ff371a34d3031f34920a26e8805188588,195543672308651180,7418058890583167870,7065747724757872950,3927883945122411823
509,SA-D001-R04,SA-D001,R04,development,8a4c366b292505e4f5d1120fbb6b6a63365c3e555d89fe8622fc5dd2325471a5,00c12c0600553199942014873b2c803ff371a34d3031f34920a26e8805188588,195543672308651180,7418058890583167870,8056869969343401211,2693207783500396121
510,SA-D002-R00,SA-D002,R00,development,369a272fcaf32acf414e656755ad321200d95d1d6ebb4e5abb5578d71b977bf6,8fac7d9e1a20ae34422cbd43a567e4f534668a3aef85e4e86b8a9f451637abeb,6778293294387762737,932991987993814567,4291910643328677957,8321120937219153208
511,SA-D002-R01,SA-D002,R01,development,7873b692a9ccfc69ae3ff5f107a470157da0184eafd9e1fd6fd3d6b0506b52d9,8fac7d9e1a20ae34422cbd43a567e4f534668a3aef85e4e86b8a9f451637abeb,6778293294387762737,932991987993814567,5100538993103441919,1515829952960441880
512,SA-D002-R02,SA-D002,R02,development,4febe7bb25002f88cfb0a31cecb883b05b2550aa610c93bf241f11968b6d134f,8fac7d9e1a20ae34422cbd43a567e4f534668a3aef85e4e86b8a9f451637abeb,6778293294387762737,932991987993814567,8168371564683399873,6394350100956503150
513,SA-D002-R03,SA-D002,R03,development,f40793593b32f62b732864a7993752eb4633e8bfd0d6084ad2420b641c28b5c8,8fac7d9e1a20ae34422cbd43a567e4f534668a3aef85e4e86b8a9f451637abeb,6778293294387762737,932991987993814567,8376596793364873928,6261615799566101119
514,SA-D002-R04,SA-D002,R04,development,bf804f6c7f7312841d90d43946abe47b5e0332d76c05f592d2171e7d015cfd9c,8fac7d9e1a20ae34422cbd43a567e4f534668a3aef85e4e86b8a9f451637abeb,6778293294387762737,932991987993814567,6012058257497701615,4268565832645425363
515,SA-D003-R00,SA-D003,R00,development,edb82eab370c73aff6ee02f89ee0721b9655fe382c5d7c6ac102f11b768f08e8,e33667f2f78bf49bb9b3cc3c4868e06178679c741ee1a2cb193516fbe641c1f7,4919380640891708867,3988956810252228221,7068806681834459952,9015558533846673748
516,SA-D003-R01,SA-D003,R01,development,083cd5194776806c0078e2a96d0cf92fca6b8b0785951feebec3e02eabbb0ad7,e33667f2f78bf49bb9b3cc3c4868e06178679c741ee1a2cb193516fbe641c1f7,4919380640891708867,3988956810252228221,1716068294553027231,5478433021767392545
517,SA-D003-R02,SA-D003,R02,development,0f054fe580c9a0a2c1c8ed8deb9ea8390d9439072038a1b1a64b56eef045a49b,e33667f2f78bf49bb9b3cc3c4868e06178679c741ee1a2cb193516fbe641c1f7,4919380640891708867,3988956810252228221,3338632699174801984,152658349812767178
518,SA-D003-R03,SA-D003,R03,development,fc552c93c94c0f0c8843855d10cc378d4b803c875841ecb0df71cc93772805d7,e33667f2f78bf49bb9b3cc3c4868e06178679c741ee1a2cb193516fbe641c1f7,4919380640891708867,3988956810252228221,2902674878123899746,5350345001165788707
519,SA-D003-R04,SA-D003,R04,development,bbd8055ce864ebfc7f8b7b51e6b6ed4f0c8ecbc8ec689714275f3b054d35456c,e33667f2f78bf49bb9b3cc3c4868e06178679c741ee1a2cb193516fbe641c1f7,4919380640891708867,3988956810252228221,6271944909274486802,5969657712004793941
520,SA-D004-R00,SA-D004,R00,development,b076a9862eedb7f293dc7165fcde55d65140d5676f5b1b6b9d483890cdea60e0,3a3196aefa6ba952ec11195e07e1ac0e2f30a816bfb33a96f826789d52742a05,675952363214276130,3337033602941796367,8441714959748903210,2451301122905090673
521,SA-D004-R01,SA-D004,R01,development,85f2aa56b49f15a60679c6974d1667f6532ce49c78c8cb1d1b42339949a7a442,3a3196aefa6ba952ec11195e07e1ac0e2f30a816bfb33a96f826789d52742a05,675952363214276130,3337033602941796367,946838385605373994,1480044348872419256
522,SA-D004-R02,SA-D004,R02,development,c13ca1230398df81ad82d22a1b361f221abcc27fd239e5828c5f045e096529fc,3a3196aefa6ba952ec11195e07e1ac0e2f30a816bfb33a96f826789d52742a05,675952363214276130,3337033602941796367,9194237219794575435,5726892765604265935
523,SA-D004-R03,SA-D004,R03,development,f51fa768b71a05eb15d9ab7c7bb6e738cd122a0a444fb52fa18559a9d075c1d1,3a3196aefa6ba952ec11195e07e1ac0e2f30a816bfb33a96f826789d52742a05,675952363214276130,3337033602941796367,102613571449877890,5874391730089911574
524,SA-D004-R04,SA-D004,R04,development,bc470e29849153b950936bac65a544dccc99f7a0b5dc4c9560a916a739fd8184,3a3196aefa6ba952ec11195e07e1ac0e2f30a816bfb33a96f826789d52742a05,675952363214276130,3337033602941796367,6236381814796433457,2669307277494885105
525,SA-D005-R00,SA-D005,R00,development,fe18c8c3744781a539db89d98118accd011f5e0d8d24c1a297b8e835b69972f4,6df6f3c9eab8a3de45307f412272c223fc3d9661ec37029fd3eba693a155ecce,8061044501700070677,737787036010211928,3308370151884916477,5426581613713331760
526,SA-D005-R01,SA-D005,R01,development,e4aaf84c2a7b4364c360ca19dbc218ce2cff43e522fd17c65ec4efbac7d60678,6df6f3c9eab8a3de45307f412272c223fc3d9661ec37029fd3eba693a155ecce,8061044501700070677,737787036010211928,3412712533427706035,9033282267002332190
527,SA-D005-R02,SA-D005,R02,development,0ed960d6f8f70fb3d1eb3f984cffce4d3cf8fc71b35901b02abb2ff457a373a8,6df6f3c9eab8a3de45307f412272c223fc3d9661ec37029fd3eba693a155ecce,8061044501700070677,737787036010211928,4207254734956696263,5111278159296787069
528,SA-D005-R03,SA-D005,R03,development,6ae3405d0c8d390158b65bd7545c43f904089e6d8041a159a59f977b5e36ad14,6df6f3c9eab8a3de45307f412272c223fc3d9661ec37029fd3eba693a155ecce,8061044501700070677,737787036010211928,5946551497328620751,4223809114568627480
529,SA-D005-R04,SA-D005,R04,development,2c3593c4738651e25ee3f6eaaf1b1ee8679dce270929525f6bb6071892df272e,6df6f3c9eab8a3de45307f412272c223fc3d9661ec37029fd3eba693a155ecce,8061044501700070677,737787036010211928,801285088152463985,8085321325880990652
530,SA-D006-R00,SA-D006,R00,development,c00ade39daa726d401046826b58c883f591b53b0fdeaeb6dc4a7b08240c78e32,df1934969bc6b48836a71f33cfa6b94f678b698118218abdf40f99062135c447,4237298627399678523,594543078092959542,1728284287359203097,577672739894581670
531,SA-D006-R01,SA-D006,R01,development,448a44846a6cb4886dca8f998a89f86cc0a3a0de35df53da7a32931cbabf4ef2,df1934969bc6b48836a71f33cfa6b94f678b698118218abdf40f99062135c447,4237298627399678523,594543078092959542,1330978622213427394,3202712025063677728
532,SA-D006-R02,SA-D006,R02,development,58573f4f0b07043ef2c76fa8b9d461e5ce8e983cc7e45ef6880fc7e4063ba94d,df1934969bc6b48836a71f33cfa6b94f678b698118218abdf40f99062135c447,4237298627399678523,594543078092959542,2221717418687996336,8108397272006365265
533,SA-D006-R03,SA-D006,R03,development,282df4f86515ed9833cd4f458634cb8409d7217d42248b2526c8a96e2f275e69,df1934969bc6b48836a71f33cfa6b94f678b698118218abdf40f99062135c447,4237298627399678523,594543078092959542,105809403197181777,8418989614345474968
534,SA-D006-R04,SA-D006,R04,development,ec8568f5f6e6feeead3639b365199e690dfd757b453d234af67b6b9434aed051,df1934969bc6b48836a71f33cfa6b94f678b698118218abdf40f99062135c447,4237298627399678523,594543078092959542,4634134630567118782,2531575248377971383
535,SA-D007-R00,SA-D007,R00,development,765a57cfb77812076c680918e6e0e8412cf94a08ad686fb6e83200f80ef56db0,76c5ee8a63a8ae4edf61ae630b583b80f232026899cabc5895aa3db28f2bde41,6117733926443236447,1997335259903401669,5198021639334161634,8817611764283400015
536,SA-D007-R01,SA-D007,R01,development,283fa118c381b4127cffd729d26b65df6f65b3020a549718bfce937f57a25978,76c5ee8a63a8ae4edf61ae630b583b80f232026899cabc5895aa3db28f2bde41,6117733926443236447,1997335259903401669,2818605206936771555,6018265379251850116
537,SA-D007-R02,SA-D007,R02,development,65ab86ec4fcd4e643afc949c2b6b72f56e92be63753c6d45d3aa81ae890a26f2,76c5ee8a63a8ae4edf61ae630b583b80f232026899cabc5895aa3db28f2bde41,6117733926443236447,1997335259903401669,1363546898392855399,7414089528604654437
538,SA-D007-R03,SA-D007,R03,development,27047316d933c108b5bb551cdf1eb332ff7e799c6b0e95ca26b079af6677f93a,76c5ee8a63a8ae4edf61ae630b583b80f232026899cabc5895aa3db28f2bde41,6117733926443236447,1997335259903401669,1559504519786269550,8810397378908013074
539,SA-D007-R04,SA-D007,R04,development,392ffb5fdec7cdb1efc1b1994cbd1c43eea4b32d996adc7ece83cf54d80b8b18,76c5ee8a63a8ae4edf61ae630b583b80f232026899cabc5895aa3db28f2bde41,6117733926443236447,1997335259903401669,4893348648272042281,5589404307374529358
560,SA-D012-R00,SA-D012,R00,development,a0032a21a6fcde424e7c8904f53df26893d4b8596b212b67b291cb111a7389d7,1892f9fe2d566bf640a06009cf3b2510b482194a18e386c30479ddd3468b28d4,1572412445720927117,7975483726536124909,6683604161433896560,7156890926219015981
561,SA-D012-R01,SA-D012,R01,development,e3be52c93f671b35979c8cf83a4f5b6803f36ca0330c18878a83b9043378a7d1,1892f9fe2d566bf640a06009cf3b2510b482194a18e386c30479ddd3468b28d4,1572412445720927117,7975483726536124909,2296372591559383522,3375547457191892563
562,SA-D012-R02,SA-D012,R02,development,1db46f0435444221df37053aaf98d2c6e3e756e111ef6bc4f3685ab3da21233f,1892f9fe2d566bf640a06009cf3b2510b482194a18e386c30479ddd3468b28d4,1572412445720927117,7975483726536124909,9038991867290624774,6137280915573809426
563,SA-D012-R03,SA-D012,R03,development,a50051e7234bf14cac6c7a0a7ea9ecbfb1d563dd5010502cfdffd087a83306f0,1892f9fe2d566bf640a06009cf3b2510b482194a18e386c30479ddd3468b28d4,1572412445720927117,7975483726536124909,287902001101829142,4199705500721155275
564,SA-D012-R04,SA-D012,R04,development,8cc34309926c1749d2bb52f63bf000395f1a5089148e2894d1c5693aae43c5f3,1892f9fe2d566bf640a06009cf3b2510b482194a18e386c30479ddd3468b28d4,1572412445720927117,7975483726536124909,7742818770230803754,3330682930636512132
565,SA-D013-R00,SA-D013,R00,development,488252c8f76ac7d481b85b905dda19c235c606d9e71c8ca7efee164945a4484f,d2b011e6ce59e44bbdfb695af8a45168f8836174561f05684fafd46d9092affc,4198090032488875800,2929272005731089911,1674999186302748253,6850600067424179979
566,SA-D013-R01,SA-D013,R01,development,9a1e4c4ee95dcbdc18c9424194a43046f67c382770b6257141f30f5cb24acf8b,d2b011e6ce59e44bbdfb695af8a45168f8836174561f05684fafd46d9092affc,4198090032488875800,2929272005731089911,6942751622552548832,3565300200469209344
567,SA-D013-R02,SA-D013,R02,development,c3367aed13e913aa4a62f867e5fdf87a8d9897d070481c0b7c325dbced0a6d98,d2b011e6ce59e44bbdfb695af8a45168f8836174561f05684fafd46d9092affc,4198090032488875800,2929272005731089911,5594236491973567089,2736005381608436426
568,SA-D013-R03,SA-D013,R03,development,74d78f7b020b716d27ad56d533adaf2591a0ac3bd78628f72f69d9008ca4af93,d2b011e6ce59e44bbdfb695af8a45168f8836174561f05684fafd46d9092affc,4198090032488875800,2929272005731089911,4158529411387784147,475690175281634772
569,SA-D013-R04,SA-D013,R04,development,5c6aeeb828339e2c5cb99a1636b72afce33a32ab593a9094a4fa836ead0c5383,d2b011e6ce59e44bbdfb695af8a45168f8836174561f05684fafd46d9092affc,4198090032488875800,2929272005731089911,2351956735820165205,3000322757957118626
570,SA-D014-R00,SA-D014,R00,development,f5b5478379eff499cac3fa60d37c524bfbba5a1ccbf0435051d11140c7bcb6c7,71ddb60aa969fd3b84e705152364cb63d4059eecc5accd77441fc0b77301624c,3963789601799857817,5156758857868109763,355640187161090869,2862591848302028635
571,SA-D014-R01,SA-D014,R01,development,49655ae881385a4d5434d759404283c971c699f86dfc9c49dd6d1b63da793b16,71ddb60aa969fd3b84e705152364cb63d4059eecc5accd77441fc0b77301624c,3963789601799857817,5156758857868109763,6144541337147003661,1983854519191342403
572,SA-D014-R02,SA-D014,R02,development,8deb38c109bc0f72f370b8ad00f6dc2e7d3cfe97b7f66beeebe949af625a03dc,71ddb60aa969fd3b84e705152364cb63d4059eecc5accd77441fc0b77301624c,3963789601799857817,5156758857868109763,435922547720400945,4823151646607746035
573,SA-D014-R03,SA-D014,R03,development,83a903e7ca1ce77037af0739bdca5fa5ccc0f1fd6e16c3d725dc8cd567c5158f,71ddb60aa969fd3b84e705152364cb63d4059eecc5accd77441fc0b77301624c,3963789601799857817,5156758857868109763,1978490379873764382,82998455443358283
574,SA-D014-R04,SA-D014,R04,development,f1f02dfa7ee3eebacf53dade068fdaff94276addb9e1fc5f28365118a1ec6566,71ddb60aa969fd3b84e705152364cb63d4059eecc5accd77441fc0b77301624c,3963789601799857817,5156758857868109763,220499141839948204,6266820099795712193
575,SA-D015-R00,SA-D015,R00,development,f03a577b1637a66bed335f3501d7661c0326670aedefff7d718bb1d0778a7bae,4a085435548f63d5aa44a6478a51f45dd74b8bec4e17a560c0e2f1bf813f9cd9,5643387104467542404,8068545688676636177,5551566968587752853,6402468001330812421
576,SA-D015-R01,SA-D015,R01,development,1d24e73f82046ac2e8b6ab7a886790dae3d4f99aece55d5552a87103f416df69,4a085435548f63d5aa44a6478a51f45dd74b8bec4e17a560c0e2f1bf813f9cd9,5643387104467542404,8068545688676636177,8172624300617645501,6776380666672947888
577,SA-D015-R02,SA-D015,R02,development,f5798a2f787cefb69e6aacfc99e92b923ea6b5ff664fc5d62d6e8570854961bb,4a085435548f63d5aa44a6478a51f45dd74b8bec4e17a560c0e2f1bf813f9cd9,5643387104467542404,8068545688676636177,7490846148519017327,4025092762533139435
578,SA-D015-R03,SA-D015,R03,development,42ad168edf5a0983084c8381ab324fb92dfd45b6765eb97dac317647aa344d9f,4a085435548f63d5aa44a6478a51f45dd74b8bec4e17a560c0e2f1bf813f9cd9,5643387104467542404,8068545688676636177,7167238794835473766,7051459579815899623
579,SA-D015-R04,SA-D015,R04,development,60e74f3c24ba12cba1e603a316285de0206f671146e9c87dd1461b55efb3eca5,4a085435548f63d5aa44a6478a51f45dd74b8bec4e17a560c0e2f1bf813f9cd9,5643387104467542404,8068545688676636177,3509018783019007223,8841378578035938016
580,SA-D016-R00,SA-D016,R00,development,99cd2ec4f447ff2d19368a124432c7e68ef017cd490808969907efceca6fbdc1,132c51b287dde3cfadeeac6a990cc5a0b0555d5fa2286b6e0176d91f9bc5b1cb,7155201336759648745,4076073042123191225,6495187436675158235,2122972460212211128
581,SA-D016-R01,SA-D016,R01,development,9dee8d424592d21bcc42aaae38165e1922539afaf16dde571db8fc7b80c4d4f0,132c51b287dde3cfadeeac6a990cc5a0b0555d5fa2286b6e0176d91f9bc5b1cb,7155201336759648745,4076073042123191225,3016130399293841000,5761553657997271859
582,SA-D016-R02,SA-D016,R02,development,e813c094410834f9e373f1fecb161b37b1178f796c6ad77b36eaa25d1ab7a4b6,132c51b287dde3cfadeeac6a990cc5a0b0555d5fa2286b6e0176d91f9bc5b1cb,7155201336759648745,4076073042123191225,5608612142562943805,3155222218476336805
583,SA-D016-R03,SA-D016,R03,development,558135f43c81f868754e17ca66e378c08b2d7fa7e10ecb3a926172200ae104db,132c51b287dde3cfadeeac6a990cc5a0b0555d5fa2286b6e0176d91f9bc5b1cb,7155201336759648745,4076073042123191225,6925009768923889357,602263870634710547
584,SA-D016-R04,SA-D016,R04,development,3b821f3d6e02945ea847f4642e5d89f3b6f3f353c32a4866515b2b8bda2cffc3,132c51b287dde3cfadeeac6a990cc5a0b0555d5fa2286b6e0176d91f9bc5b1cb,7155201336759648745,4076073042123191225,8935914508898446948,4946534744850835496
585,SA-D017-R00,SA-D017,R00,development,0f66607690fde695e28737f41397e07810d5983db3fd3fb482bc4397b5342134,bb5a34b02ef6e0dcb23802230c6cd89dd19710b980e61349997feed63bb258b6,3992828209594947754,5766450903695928479,2207896047788294500,3413177193458242245
586,SA-D017-R01,SA-D017,R01,development,0610cba93bcfcca18c1be136e39284c9943f18c3fcd6353126fd391b19c6972b,bb5a34b02ef6e0dcb23802230c6cd89dd19710b980e61349997feed63bb258b6,3992828209594947754,5766450903695928479,7257810779888231777,38401246729534127
587,SA-D017-R02,SA-D017,R02,development,b07f6b89cae257701bb2ff1d8749ada584a410261b715a4bd5ff254f5d7c0312,bb5a34b02ef6e0dcb23802230c6cd89dd19710b980e61349997feed63bb258b6,3992828209594947754,5766450903695928479,790203993408813677,1994403662460147239
588,SA-D017-R03,SA-D017,R03,development,49072e1ef6d0622ba08d74eaa72bb51830d07c5db8f79810b1823e093ff6cbe4,bb5a34b02ef6e0dcb23802230c6cd89dd19710b980e61349997feed63bb258b6,3992828209594947754,5766450903695928479,1684245978526777983,5479862009280914827
589,SA-D017-R04,SA-D017,R04,development,ee7c3dedca6d6d9cfa657e45c90029d6d3b4e1d636a4a1f4265edc58b81136ac,bb5a34b02ef6e0dcb23802230c6cd89dd19710b980e61349997feed63bb258b6,3992828209594947754,5766450903695928479,5840823881996399650,2456817556016069455
590,SA-D018-R00,SA-D018,R00,development,ab38d00137a75e291ba53f080842d9994e4b9b3b7a848e55df0ecdd83e08d615,af737e9954329e9658ab9c27c73d3972cd1bd6146ed69564dc35a3d130bea327,791183951372700354,9184778635357925212,7066249332871708008,8616737624194505735
591,SA-D018-R01,SA-D018,R01,development,9d16fe4629b8a0e9a7f0ea38cd7654a0d9e6058fdde7420703af64a0f444c6fa,af737e9954329e9658ab9c27c73d3972cd1bd6146ed69564dc35a3d130bea327,791183951372700354,9184778635357925212,2952820553815511878,3346314458491038054
592,SA-D018-R02,SA-D018,R02,development,7d24d8a47b6404246377037c022bad6b868da182c99e112e7691175c157a5fde,af737e9954329e9658ab9c27c73d3972cd1bd6146ed69564dc35a3d130bea327,791183951372700354,9184778635357925212,6697556157490495479,9196878424840131938
593,SA-D018-R03,SA-D018,R03,development,0fb820ccc9a60ff94a884ebedb138eae092a548b75f727f01f4cd300e5ab8629,af737e9954329e9658ab9c27c73d3972cd1bd6146ed69564dc35a3d130bea327,791183951372700354,9184778635357925212,8321278130729409234,119323540837368235
594,SA-D018-R04,SA-D018,R04,development,e0915ed0cc254a65f1b3289cb484a020897fb54b46e166c1e07a20e334c70be4,af737e9954329e9658ab9c27c73d3972cd1bd6146ed69564dc35a3d130bea327,791183951372700354,9184778635357925212,7827706463990504550,6451714400397194905
595,SA-D019-R00,SA-D019,R00,development,91b8f428123df24ff33242cecab83f01ac85d6d56cdcbb4f704833e4956e6667,36cce8e440a1d19406b7bbf6b4c47b4bd97ab2e311a182b18d538f9a55769783,629107883083981362,2418802633096023343,7162446389220009361,6273958859502645144
596,SA-D019-R01,SA-D019,R01,development,215321a9a39367904e1576dc20590ed88152d796a666b89c961c71323c06c12b,36cce8e440a1d19406b7bbf6b4c47b4bd97ab2e311a182b18d538f9a55769783,629107883083981362,2418802633096023343,856861766334025458,7881860449129171903
597,SA-D019-R02,SA-D019,R02,development,2228dd96bea32d87289d647cc0edcf2319f0458bb7439b7689810e401fe74575,36cce8e440a1d19406b7bbf6b4c47b4bd97ab2e311a182b18d538f9a55769783,629107883083981362,2418802633096023343,6738052270637363713,1270343384390510045
598,SA-D019-R03,SA-D019,R03,development,7115927bc86f6473f70748d38d85dc615350c301c2b934475273399c43904314,36cce8e440a1d19406b7bbf6b4c47b4bd97ab2e311a182b18d538f9a55769783,629107883083981362,2418802633096023343,7147494305842198508,7700974244675695614
599,SA-D019-R04,SA-D019,R04,development,32abcbc8b84e214187f034327f2ab3c6e1e463bb9fcef048105ef749cf5ab95b,36cce8e440a1d19406b7bbf6b4c47b4bd97ab2e311a182b18d538f9a55769783,629107883083981362,2418802633096023343,5118301891843005587,968662835404220869
620,SA-D024-R00,SA-D024,R00,development,acff8e4d7418e1e02b91c34a04b54500de523d3eea191aafc85f81c8f9cbd666,c9e6478bd6185df54c3e1489b61fa2857ecd3992325a0073749fb99a6ad8a96c,8184490492559007544,2161254476531248235,4114822600213702309,8679154688489021982
621,SA-D024-R01,SA-D024,R01,development,fb5f3406d76b3653abd3d95e5280ac1b045e7717bc6eba3a06f350e008bf677f,c9e6478bd6185df54c3e1489b61fa2857ecd3992325a0073749fb99a6ad8a96c,8184490492559007544,2161254476531248235,3427677202841362452,4205803121441904021
622,SA-D024-R02,SA-D024,R02,development,83df723d78ff69bf2366eea8707817c31d776c42298ea2707282b90127c4c88d,c9e6478bd6185df54c3e1489b61fa2857ecd3992325a0073749fb99a6ad8a96c,8184490492559007544,2161254476531248235,6381890434404371093,6073845727096136203
623,SA-D024-R03,SA-D024,R03,development,8e8096896a9dc5f8d95002278dc67b048abf8312ca2b385365050016d2728ef4,c9e6478bd6185df54c3e1489b61fa2857ecd3992325a0073749fb99a6ad8a96c,8184490492559007544,2161254476531248235,3917094430566264850,3143657476877708418
624,SA-D024-R04,SA-D024,R04,development,6498200c620ff492101bd54758cf823a4b9fa02228f7792851459e808c72ff71,c9e6478bd6185df54c3e1489b61fa2857ecd3992325a0073749fb99a6ad8a96c,8184490492559007544,2161254476531248235,7998885260357508098,6849640822717676703
625,SA-D025-R00,SA-D025,R00,development,4abd251c7025885cf9df8de3b15045ba343a3fb22b925573e28c4f0b97348cbe,3dc19da5e1ac95c96955245bfe33196461423c1591d189b181fca47199365ee4,3933270297451646728,5477296328423561519,7154013472412333902,5307996250112761995
626,SA-D025-R01,SA-D025,R01,development,006dc547e8b3bb248d5807908eac80a4ee6bcde61899e800d3ca2ae72a00998d,3dc19da5e1ac95c96955245bfe33196461423c1591d189b181fca47199365ee4,3933270297451646728,5477296328423561519,2613812713798065611,8011555633961131000
627,SA-D025-R02,SA-D025,R02,development,5e614f6d33b9cd519c63bc7db59227c717839d0051a5ec6789e3e9b6cf4b3ed0,3dc19da5e1ac95c96955245bfe33196461423c1591d189b181fca47199365ee4,3933270297451646728,5477296328423561519,5607626108982245287,1322728704065398142
628,SA-D025-R03,SA-D025,R03,development,e989297e2471e65fa70f8b374beb6953ee698cae11eb6fbc965ba2de562d08c6,3dc19da5e1ac95c96955245bfe33196461423c1591d189b181fca47199365ee4,3933270297451646728,5477296328423561519,5783132384707104034,8262443799288126522
629,SA-D025-R04,SA-D025,R04,development,8cba5ae8335e5b7419c16f4cfe069fb843530a6551d2daafbc17589922db68b1,3dc19da5e1ac95c96955245bfe33196461423c1591d189b181fca47199365ee4,3933270297451646728,5477296328423561519,6848412386882563309,3760060016702916606
630,SA-D026-R00,SA-D026,R00,development,e53e0bc8e001158a645ba66ad6a31dcafa27af6108d7c7166e59e7673250218b,2f5345f12832e20909d22652cbfc689d6930e44d7f943714affc8c64260b7c34,7179569982080585724,8325988857576449541,155283573207029787,10817705130724453
631,SA-D026-R01,SA-D026,R01,development,b4411495ab43d75ce0eef834f886b0b03c1b0d7d13bca599cc1dfe94e77d2100,2f5345f12832e20909d22652cbfc689d6930e44d7f943714affc8c64260b7c34,7179569982080585724,8325988857576449541,365821098862700232,8272682947151061576
632,SA-D026-R02,SA-D026,R02,development,32d7718a5fa51270f6d9d5fd5a314374c3d68a085effcbad4be88726d1bfde9c,2f5345f12832e20909d22652cbfc689d6930e44d7f943714affc8c64260b7c34,7179569982080585724,8325988857576449541,8065062931713545540,8848458973736833978
633,SA-D026-R03,SA-D026,R03,development,9accb70f9a48befdcd25616991e4d34564dbf1e65b769dee4c3dec23f49a08e2,2f5345f12832e20909d22652cbfc689d6930e44d7f943714affc8c64260b7c34,7179569982080585724,8325988857576449541,7551251353766052905,5644394479887808224
634,SA-D026-R04,SA-D026,R04,development,1170c46cec1c634c6db0b84230531248b97c2165840d7e7f84dbd46bed8c193c,2f5345f12832e20909d22652cbfc689d6930e44d7f943714affc8c64260b7c34,7179569982080585724,8325988857576449541,8558643599553889326,5674998682606946369
635,SA-D027-R00,SA-D027,R00,development,9f8f16a965132679bd5959fb8a5c511ab75deff54375d36f05c5eb1436fb73f5,d86a2f7ea14cea0f53fc67ff142a892e24510dcef6eb819d5e5d2ff02ab372d2,7515769014945576423,2547237142809218221,8680714939712660685,3160170931910210673
636,SA-D027-R01,SA-D027,R01,development,53bc8e7f89af0d2563638777cb6cd46f3b3104b0593551c0ee198b3c20fee186,d86a2f7ea14cea0f53fc67ff142a892e24510dcef6eb819d5e5d2ff02ab372d2,7515769014945576423,2547237142809218221,2584502313192529546,5657082817009596562
637,SA-D027-R02,SA-D027,R02,development,792c440f5c9b9c5c865c2d4912ab7aebc6c051c37f1969a9be57043833d942e5,d86a2f7ea14cea0f53fc67ff142a892e24510dcef6eb819d5e5d2ff02ab372d2,7515769014945576423,2547237142809218221,3676928183141690619,1665692522458357006
638,SA-D027-R03,SA-D027,R03,development,f1f00a8283484022f2fd345507d3e74778d7190aec0d1e86fa4a2113766bf11a,d86a2f7ea14cea0f53fc67ff142a892e24510dcef6eb819d5e5d2ff02ab372d2,7515769014945576423,2547237142809218221,7680419576250316074,7897143140484844767
639,SA-D027-R04,SA-D027,R04,development,cb70fb193eb25d1eecd0562a7678983ae6b13d4eaee1693eb9dc4227dc500ee3,d86a2f7ea14cea0f53fc67ff142a892e24510dcef6eb819d5e5d2ff02ab372d2,7515769014945576423,2547237142809218221,7061200030973626223,2754846607379808101
