config_hash,target_name,task_type,seed,split,sample_idx,y_true,y_pred,model_type,data_path,run_id
53417ec7710d7051c1f4295e38a550c57516916cde4e8b649c750c6df206d6cc,max_partition_streak_seconds,regression,42,train,0,360.0,360.0,RandomForest,C:\Users\johns\Developer\satnet-arch-dss-mac\data\tier1_design_runs.csv,0
3f480b288c19991930cccaa13df1069d341e27d5aedbc0418acc0f8ee9e0f187,max_partition_streak_seconds,regression,42,train,1,0.0,86.4,RandomForest,C:\Users\johns\Developer\satnet-arch-dss-mac\data\tier1_design_runs.csv,1
b98f2128ad27bbb43af50aa24dfc31bbffc691a0b387370746d4292c3df7ac86,max_partition_streak_seconds,regression,42,train,3,360.0,360.0,RandomForest,C:\Users\johns\Developer\satnet-arch-dss-mac\data\tier1_design_runs.csv,3
bbdd7e94f3782fb7e5b392f8b1302c0cb3f7064a8aac2e87f69f8b387613d329,max_partition_streak_seconds,regression,42,train,4,360.0,345.6,RandomForest,C:\Users\johns\Developer\satnet-arch-dss-mac\data\tier1_design_runs.csv,4
b39dda33e3eb444c4d183213ae6fc7dd57525110cf941d45ba143e6aebc38c1e,max_partition_streak_seconds,regression,42,train,7,0.0,57.6,RandomForest,C:\Users\johns\Developer\satnet-arch-dss-mac\data\tier1_design_runs.csv,7
8a629d808c2772d6eca2f3c90dc7b2e05c40e5b6a7ebe8cd147025558d246392,max_partition_streak_seconds,regression,42,train,8,360.0,360.0,RandomForest,C:\Users\johns\Developer\satnet-arch-dss-mac\data\tier1_design_runs.csv,8
8ea0f1275869f25682b285276dcc0dae056dba2f674a8c039611231f9c458fcd,max_partition_streak_seconds,regression,42,train,11,360.0,338.4,RandomForest,C:\Users\johns\Developer\satnet-arch-dss-mac\data\tier1_design_runs.csv,11
3e5e33d1d635420234c0fc388d1625a72796737fdf96e80fdd57dc0646aad8f3,max_partition_streak_seconds,regression,42,train,13,360.0,336.0,RandomForest,C:\Users\johns\Developer\satnet-arch-dss-mac\data\tier1_design_runs.csv,13
d0cb8a74112366968617c9f3d6f1bbac914ff7d3fd3ab73efc7bae530efe702b,max_partition_streak_seconds,regression,42,train,14,360.0,331.2,RandomForest,C:\Users\johns\Developer\satnet-arch-dss-mac\data\tier1_design_runs.csv,14
1bf48c69485915af97d146dba69eeee054e59ecf1aa9115317e9d78864b63274,max_partition_streak_seconds,regression,42,train,20,0.0,72.0,RandomForest,C:\Users\johns\Developer\satnet-arch-dss-mac\data\tier1_design_runs.csv,20
27c500d52530a22d75d65043f362c828a9c215e4123c27a26fc9f6fcdc0bec8d,max_partition_streak_seconds,regression,42,train,21,360.0,331.2,RandomForest,C:\Users\johns\Developer\satnet-arch-dss-mac\data\tier1_design_runs.csv,21
ede005482edc2b4d273e12607bca1562ca00ad24843a2d57a2170e6ffcbfc4f9,max_partition_streak_seconds,regression,42,train,26,360.0,360.0,RandomForest,C:\Users\johns\Developer\satnet-arch-dss-mac\data\tier1_design_runs.csv,26
d5572552617aea405274a6340f8d7cbed2713b83a459700ee6d35db63e021e61,max_partition_streak_seconds,regression,42,train,29,360.0,302.4,RandomForest,C:\Users\johns\Developer\satnet-arch-dss-mac\data\tier1_design_runs.csv,29
001c062c8aac531f90f21dbe2d763855f7ee76480908a22b750422ea25951abd,max_partition_streak_seconds,regression,42,train,31,360.0,360.0,RandomForest,C:\Users\johns\Developer\satnet-arch-dss-mac\data\tier1_design_runs.csv,31
6857752328015390e76184aba8d250d260b5705e93b37353b8c6ee994bbffb2c,max_partition_streak_seconds,regression,42,train,32,360.0,360.0,RandomForest,C:\Users\johns\Developer\satnet-arch-dss-mac\data\tier1_design_runs.csv,32
288e40e14b6f4208c196ca8e710edf9d73346b84d9589d5f86c253df465f6423,max_partition_streak_seconds,regression,42,train,34,360.0,360.0,RandomForest,C:\Users\johns\Developer\satnet-arch-dss-mac\data\tier1_design_runs.csv,34
60e63d763d70e4840382759b1fcfc94dc7ee701fd8f024717b29892d89443860,max_partition_streak_seconds,regression,42,train,36,360.0,360.0,RandomForest,C:\Users\johns\Developer\satnet-arch-dss-mac\data\tier1_design_runs.csv,36
5fae3393d55172552862a3c0c13e5819aa4ffc99202a04ff9602e77f86dd502f,max_partition_streak_seconds,regression,42,train,39,360.0,360.0,RandomForest,C:\Users\johns\Developer\satnet-arch-dss-mac\data\tier1_design_runs.csv,39
b9524df9d4bcc02a0ac3ed6e995cb6557b13ac056552b3ced3634092fef25b5e,max_partition_streak_seconds,regression,42,train,40,360.0,259.2,RandomForest,C:\Users\johns\Developer\satnet-arch-dss-mac\data\tier1_design_runs.csv,40
a19dee3211767d830a38f036196983ec1a9f340c191c0fb4a073ab3b6121a769,max_partition_streak_seconds,regression,42,train,44,360.0,345.6,RandomForest,C:\Users\johns\Developer\satnet-arch-dss-mac\data\tier1_design_runs.csv,44
173eeda648f054f7bc813dc2adec1d3cdd1cae5706ec7f313cf18c6ce59ef419,max_partition_streak_seconds,regression,42,train,46,360.0,360.0,RandomForest,C:\Users\johns\Developer\satnet-arch-dss-mac\data\tier1_design_runs.csv,46
8d78d29d96e44f27f1d784c26219af6402c5fea586baeebb10fd63c9d803261f,max_partition_streak_seconds,regression,42,train,47,360.0,316.8,RandomForest,C:\Users\johns\Developer\satnet-arch-dss-mac\data\tier1_design_runs.csv,47
99fd091d689ad1a3e7e45f1473a9508fcfdafa25d58d50be850d1f98a2a1e23b,max_partition_streak_seconds,regression,42,train,49,0.0,50.4,RandomForest,C:\Users\johns\Developer\satnet-arch-dss-mac\data\tier1_design_runs.csv,49
f3409b2449b37ab89829c0d798b125ea9adf2c4660ae6c41e83ee9e3a712a47c,max_partition_streak_seconds,regression,42,train,50,120.0,160.8,RandomForest,C:\Users\johns\Developer\satnet-arch-dss-mac\data\tier1_design_runs.csv,50
eed08b05d881e830f52601e7d84bb3d6fd6bde8781c6c31ba9fe16e26aeed99b,max_partition_streak_seconds,regression,42,train,52,360.0,360.0,RandomForest,C:\Users\johns\Developer\satnet-arch-dss-mac\data\tier1_design_runs.csv,52
9df23dcc748c97997f407cd44121968e99302d5605f6382d365f5cf410d49e4c,max_partition_streak_seconds,regression,42,train,53,360.0,345.6,RandomForest,C:\Users\johns\Developer\satnet-arch-dss-mac\data\tier1_design_runs.csv,53
7903c4e6f605ede62bc0755e2fcf13d291e7ae5ef83896d7598426bf33311bf7,max_partition_streak_seconds,regression,42,train,57,360.0,360.0,RandomForest,C:\Users\johns\Developer\satnet-arch-dss-mac\data\tier1_design_runs.csv,57
67db9798050eaaaf66b1d499c91b8618525f99f77e6d07b7d7bf48312d2bdeb9,max_partition_streak_seconds,regression,42,train,58,360.0,360.0,RandomForest,C:\Users\johns\Developer\satnet-arch-dss-mac\data\tier1_design_runs.csv,58
00eae5f9f69a2b324f9524b0f7041b77e45480a256adede9f50af1d26ef455ad,max_partition_streak_seconds,regression,42,train,62,360.0,302.4,RandomForest,C:\Users\johns\Developer\satnet-arch-dss-mac\data\tier1_design_runs.csv,62
66ac281aa1418acd6513bfa780f84d01914aaae5797a05b0d3d6b99ce7bc22a1,max_partition_streak_seconds,regression,42,train,63,360.0,360.0,RandomForest,C:\Users\johns\Developer\satnet-arch-dss-mac\data\tier1_design_runs.csv,63
f2ca662b4caa471770c1951643b1131c136f903285e735545dd62cabe7569e70,max_partition_streak_seconds,regression,42,train,64,360.0,360.0,RandomForest,C:\Users\johns\Developer\satnet-arch-dss-mac\data\tier1_design_runs.csv,64
1a550c648d1f091ec613dd3c634d2af8f79125e88fa2f227b204b7936bfddc15,max_partition_streak_seconds,regression,42,train,65,360.0,316.8,RandomForest,C:\Users\johns\Developer\satnet-arch-dss-mac\data\tier1_design_runs.csv,65
556c3eb0aae83b7a1c22c8d2efdc4ccc996ed665688e2036007dae67bbbb3a9b,max_partition_streak_seconds,regression,42,train,71,0.0,0.0,RandomForest,C:\Users\johns\Developer\satnet-arch-dss-mac\data\tier1_design_runs.csv,71
305d86990a2a0bfc06cae2c2c490e83848e914a2e6ea34266698ccaea5010668,max_partition_streak_seconds,regression,42,train,72,360.0,360.0,RandomForest,C:\Users\johns\Developer\satnet-arch-dss-mac\data\tier1_design_runs.csv,72
e8b9ea693d678eaa01d096f4aa43d0d740833b6a2456bd21be3711fa60d1c672,max_partition_streak_seconds,regression,42,train,73,360.0,302.4,RandomForest,C:\Users\johns\Developer\satnet-arch-dss-mac\data\tier1_design_runs.csv,73
9f06b19a94bd0619ed79c30aab20874e0f57ac82657c5e23a55bc471786fe9d0,max_partition_streak_seconds,regression,42,train,76,360.0,345.6,RandomForest,C:\Users\johns\Developer\satnet-arch-dss-mac\data\tier1_design_runs.csv,76
823f0c150f847df70cd5c213383ff627ba02f732eb4fc07937e1a8aa7004ae6a,max_partition_streak_seconds,regression,42,train,77,360.0,345.6,RandomForest,C:\Users\johns\Developer\satnet-arch-dss-mac\data\tier1_design_runs.csv,77
24045afafe4178456e5f8a9355f95e22b2db6bed7776123ba4276a39c4e90dc4,max_partition_streak_seconds,regression,42,train,78,0.0,43.2,RandomForest,C:\Users\johns\Developer\satnet-arch-dss-mac\data\tier1_design_runs.csv,78
f605e1de6e9b067c160725996179bc3ac0abdabad83a8ded7fcc1840aff4f1fd,max_partition_streak_seconds,regression,42,train,80,360.0,316.8,RandomForest,C:\Users\johns\Developer\satnet-arch-dss-mac\data\tier1_design_runs.csv,80
369c14a0daa0724f70d4a0a38da1d10d1b5bb27279e9e07130e129e0cc89faca,max_partition_streak_seconds,regression,42,train,81,360.0,295.2,RandomForest,C:\Users\johns\Developer\satnet-arch-dss-mac\data\tier1_design_runs.csv,81
06fd253493722941824600c648c68b45ed1dc6886054f81956d14db234321bdf,max_partition_streak_seconds,regression,42,train,82,360.0,360.0,RandomForest,C:\Users\johns\Developer\satnet-arch-dss-mac\data\tier1_design_runs.csv,82
f41dbc4474ff8fc56073a26a814e598b21e875f9d49ecd373744c9d1cc29c12a,max_partition_streak_seconds,regression,42,train,83,0.0,43.2,RandomForest,C:\Users\johns\Developer\satnet-arch-dss-mac\data\tier1_design_runs.csv,83
e0d3a5d08b168cd3f51c545f17fcdc520425f37ef4509787f0878c458feae6c0,max_partition_streak_seconds,regression,42,train,84,0.0,14.4,RandomForest,C:\Users\johns\Developer\satnet-arch-dss-mac\data\tier1_design_runs.csv,84
b6e999482cdd83d7555b1b367a137169637d4aa220eda270aa7bb469115e7968,max_partition_streak_seconds,regression,42,train,89,360.0,345.6,RandomForest,C:\Users\johns\Developer\satnet-arch-dss-mac\data\tier1_design_runs.csv,89
e4c21b1e1e68607dd0b8b8986f1cea02313eee485aa3f24d2acc9bf651146c4a,max_partition_streak_seconds,regression,42,train,90,360.0,338.4,RandomForest,C:\Users\johns\Developer\satnet-arch-dss-mac\data\tier1_design_runs.csv,90
1b8710ea2befbc0d4667e0d137d27197f0a5c9c8fe0e34776a0800defe02c5bb,max_partition_streak_seconds,regression,42,train,91,0.0,43.2,RandomForest,C:\Users\johns\Developer\satnet-arch-dss-mac\data\tier1_design_runs.csv,91
5c03f0e398012777ab0441c1c2fcf5b38e5628906f0d0d596e73b748ae95af78,max_partition_streak_seconds,regression,42,train,92,360.0,360.0,RandomForest,C:\Users\johns\Developer\satnet-arch-dss-mac\data\tier1_design_runs.csv,92
72583631e7da32ff94c26cb868168bce31882a7ef6700446b5d007be6f3d2079,max_partition_streak_seconds,regression,42,train,93,360.0,360.0,RandomForest,C:\Users\johns\Developer\satnet-arch-dss-mac\data\tier1_design_runs.csv,93
7505b131b62ceb91d7273c962d8c1b15597049e8ab8982d7267e6245a8f5acd3,max_partition_streak_seconds,regression,42,train,98,360.0,316.8,RandomForest,C:\Users\johns\Developer\satnet-arch-dss-mac\data\tier1_design_runs.csv,98
e550d140e7a1d26fa711cb40a6be56c9f895ea5a8d7b9fb205d214ca287fbce1,max_partition_streak_seconds,regression,42,train,100,360.0,360.0,RandomForest,C:\Users\johns\Developer\satnet-arch-dss-mac\data\tier1_design_runs.csv,100
e7a7b92d50db04816ad6c42f38b6b0e1746a1c3c61460f289f8059caab03d4d1,max_partition_streak_seconds,regression,42,train,101,360.0,345.6,RandomForest,C:\Users\johns\Developer\satnet-arch-dss-mac\data\tier1_design_runs.csv,101
fb64758c1981220d68fc16ce8d687f6d8d2262373d9fe35c1d0b7d6910300544,max_partition_streak_seconds,regression,42,train,102,0.0,43.2,RandomForest,C:\Users\johns\Developer\satnet-arch-dss-mac\data\tier1_design_runs.csv,102
faf55d9221b53d70a61520eac9eecb234220e541a4c6f9e632f187f4ce77298b,max_partition_streak_seconds,regression,42,train,103,360.0,360.0,RandomForest,C:\Users\johns\Developer\satnet-arch-dss-mac\data\tier1_design_runs.csv,103
8377807db4b46880e159c5c0e2c4ba5d70f0d9dcf3f34178abfe462e4eea8028,max_partition_streak_seconds,regression,42,train,105,0.0,129.6,RandomForest,C:\Users\johns\Developer\satnet-arch-dss-mac\data\tier1_design_runs.csv,105
90ecac022673ad68567e27b253fdd9136b2defd21b2712e5334dfae333c9701e,max_partition_streak_seconds,regression,42,train,106,0.0,14.4,RandomForest,C:\Users\johns\Developer\satnet-arch-dss-mac\data\tier1_design_runs.csv,106
2beae6640871607ff08cdf61afedb7dcd15b67b20f268ec597eaf7c25d1e13ff,max_partition_streak_seconds,regression,42,train,109,360.0,360.0,RandomForest,C:\Users\johns\Developer\satnet-arch-dss-mac\data\tier1_design_runs.csv,109
9403f7cb64f8a1e3c537a70419c064b26aee9d36da605f7defcc619db5a1b511,max_partition_streak_seconds,regression,42,train,110,360.0,360.0,RandomForest,C:\Users\johns\Developer\satnet-arch-dss-mac\data\tier1_design_runs.csv,110
7992936163ba53349da84afcccd4d39de4fa68966151e2ff4c056646f3c5f7fd,max_partition_streak_seconds,regression,42,train,113,0.0,14.4,RandomForest,C:\Users\johns\Developer\satnet-arch-dss-mac\data\tier1_design_runs.csv,113
cceaf0d09e8c390256276c6a0edd980b717e1b3c9fd79086583e8aa686c2093a,max_partition_streak_seconds,regression,42,train,115,0.0,28.8,RandomForest,C:\Users\johns\Developer\satnet-arch-dss-mac\data\tier1_design_runs.csv,115
02a3c21403c59464cba62554d7276e706e095fc0af27175278cc7852062aed95,max_partition_streak_seconds,regression,42,train,116,360.0,360.0,RandomForest,C:\Users\johns\Developer\satnet-arch-dss-mac\data\tier1_design_runs.csv,116
5a140aabeacb0666ec204b7656c28bd70b45bda1f3cf24d6291be3fc2c7b47eb,max_partition_streak_seconds,regression,42,train,121,360.0,360.0,RandomForest,C:\Users\johns\Developer\satnet-arch-dss-mac\data\tier1_design_runs.csv,121
2816db8de8bb1fe7b706e264e22cf2ae613e7bd0e69b35e6a0849137168acce4,max_partition_streak_seconds,regression,42,train,122,360.0,360.0,RandomForest,C:\Users\johns\Developer\satnet-arch-dss-mac\data\tier1_design_runs.csv,122
f7b1db633830da8c0616afc7647e677cb91b65e61f033e07b00c17baa1a9a66a,max_partition_streak_seconds,regression,42,train,123,360.0,360.0,RandomForest,C:\Users\johns\Developer\satnet-arch-dss-mac\data\tier1_design_runs.csv,123
6d6005bc50e579ac6d008cfb86cde2707ecbb7e1493e713918fcce3758664c9a,max_partition_streak_seconds,regression,42,train,124,360.0,360.0,RandomForest,C:\Users\johns\Developer\satnet-arch-dss-mac\data\tier1_design_runs.csv,124
cf1533c6c874407d4b3c1f3b5ca14a4768e1ca7ac4c0c9bae356f873a0e0d419,max_partition_streak_seconds,regression,42,train,128,360.0,360.0,RandomForest,C:\Users\johns\Developer\satnet-arch-dss-mac\data\tier1_design_runs.csv,128
fb83ae1cb187748499e6d2adfbb0d514e84ccb66835974dcd6b0ab65635be478,max_partition_streak_seconds,regression,42,train,129,0.0,86.4,RandomForest,C:\Users\johns\Developer\satnet-arch-dss-mac\data\tier1_design_runs.csv,129
8b21564056352e6c6c6d12efa46fc7842faf7c5b99b1c749759c55e08b79b818,max_partition_streak_seconds,regression,42,train,130,0.0,0.0,RandomForest,C:\Users\johns\Developer\satnet-arch-dss-mac\data\tier1_design_runs.csv,130
4dd4eb3ab8b2241a2bb91086f7ca5b0bff4db9e3cab53f8c6d4504608c074fc1,max_partition_streak_seconds,regression,42,train,133,0.0,28.8,RandomForest,C:\Users\johns\Developer\satnet-arch-dss-mac\data\tier1_design_runs.csv,133
70515c024850c48afd2826a70fcc1cebff04e321a7fd6328dd73d2d6800ee5b9,max_partition_streak_seconds,regression,42,train,134,360.0,360.0,RandomForest,C:\Users\johns\Developer\satnet-arch-dss-mac\data\tier1_design_runs.csv,134
0f43300a85d383e4ca05f6a664b9eaa503102e0f15d82867f9f21d32f3255a84,max_partition_streak_seconds,regression,42,train,135,180.0,199.2,RandomForest,C:\Users\johns\Developer\satnet-arch-dss-mac\data\tier1_design_runs.csv,135
46eb4a1fb8cdf3660de84a0bafc346dfa27f13de8813789be6b784bc708e166b,max_partition_streak_seconds,regression,42,train,137,360.0,360.0,RandomForest,C:\Users\johns\Developer\satnet-arch-dss-mac\data\tier1_design_runs.csv,137
1e0b554c34de190d24bf7e469295ad951d2bdf7110f600f97d314d8734aa643a,max_partition_streak_seconds,regression,42,train,138,360.0,360.0,RandomForest,C:\Users\johns\Developer\satnet-arch-dss-mac\data\tier1_design_runs.csv,138
dff9e715785f1a9d8cdb3d41834421a2706dd6527e2366b843b6f8500def3f6e,max_partition_streak_seconds,regression,42,train,139,360.0,360.0,RandomForest,C:\Users\johns\Developer\satnet-arch-dss-mac\data\tier1_design_runs.csv,139
46fa63209e939c39e4bd73f89007d00a3fb6b6ce0dcce613f423db3aa2edb591,max_partition_streak_seconds,regression,42,train,140,360.0,338.4,RandomForest,C:\Users\johns\Developer\satnet-arch-dss-mac\data\tier1_design_runs.csv,140
86a85b7d71592ee5e51c5eeaf890d296ff188663cfccf77a3fa0bb1e96aa4cea,max_partition_streak_seconds,regression,42,train,144,360.0,360.0,RandomForest,C:\Users\johns\Developer\satnet-arch-dss-mac\data\tier1_design_runs.csv,144
4a24c2293963708b2987f077df614141e7582300fc2edef809def87367403fb7,max_partition_streak_seconds,regression,42,train,145,360.0,360.0,RandomForest,C:\Users\johns\Developer\satnet-arch-dss-mac\data\tier1_design_runs.csv,145
1e3da69b4c438fcfbe71fc3c88c3aecbb1078d78211ba89675e4d4d77514e872,max_partition_streak_seconds,regression,42,train,147,0.0,14.4,RandomForest,C:\Users\johns\Developer\satnet-arch-dss-mac\data\tier1_design_runs.csv,147
05582aeb181a44f6fe925a5f43224aacbc73bebffb482ccd3ed0684296a89b82,max_partition_streak_seconds,regression,42,train,148,360.0,360.0,RandomForest,C:\Users\johns\Developer\satnet-arch-dss-mac\data\tier1_design_runs.csv,148
d9b796a87cab7d88fe81e5c73c345fb68f37fd2c020602bd7fb8a421f753c049,max_partition_streak_seconds,regression,42,train,149,360.0,360.0,RandomForest,C:\Users\johns\Developer\satnet-arch-dss-mac\data\tier1_design_runs.csv,149
f4050bdd381692b28e3c2d962642ba75c953aaa96ebaa70f4e5330952e99614e,max_partition_streak_seconds,regression,42,train,151,0.0,14.4,RandomForest,C:\Users\johns\Developer\satnet-arch-dss-mac\data\tier1_design_runs.csv,151
558208b551de56710d2fcf388a98e9e47049076486b4df3fff9f3283999536a9,max_partition_streak_seconds,regression,42,train,152,0.0,43.2,RandomForest,C:\Users\johns\Developer\satnet-arch-dss-mac\data\tier1_design_runs.csv,152
c93763ffb9f45734a5623978ef2252d892d1215dd338409abfa1655533f1ce4f,max_partition_streak_seconds,regression,42,train,155,360.0,360.0,RandomForest,C:\Users\johns\Developer\satnet-arch-dss-mac\data\tier1_design_runs.csv,155
6ad69d35e4e99fddac7745cb43c57368906ec28095d9966e389d574d8dd82953,max_partition_streak_seconds,regression,42,train,157,360.0,360.0,RandomForest,C:\Users\johns\Developer\satnet-arch-dss-mac\data\tier1_design_runs.csv,157
0a3f2efb739e9d378813ebfe96ec086f0c0a7412083577ee0e03beac0f1095fd,max_partition_streak_seconds,regression,42,train,158,360.0,360.0,RandomForest,C:\Users\johns\Developer\satnet-arch-dss-mac\data\tier1_design_runs.csv,158
06353de348555c92c17363ee2f6fba0f604abb797d411eeb6251999164e7bbdf,max_partition_streak_seconds,regression,42,train,161,360.0,352.8,RandomForest,C:\Users\johns\Developer\satnet-arch-dss-mac\data\tier1_design_runs.csv,161
435f0ad5511eb6ed521ba477405274a9d41d2f8ab7a8782ec077ac8631fa57f0,max_partition_streak_seconds,regression,42,train,166,360.0,360.0,RandomForest,C:\Users\johns\Developer\satnet-arch-dss-mac\data\tier1_design_runs.csv,166
a58d881faa3cd2e982d5c27be25ca48111be600311fb4950b7a41eec3b211514,max_partition_streak_seconds,regression,42,train,167,60.0,52.8,RandomForest,C:\Users\johns\Developer\satnet-arch-dss-mac\data\tier1_design_runs.csv,167
e24e9bc45d586c57b2f44ad4c356ad28582d2c1d42fd48cfded3226c6bb47153,max_partition_streak_seconds,regression,42,train,169,360.0,360.0,RandomForest,C:\Users\johns\Developer\satnet-arch-dss-mac\data\tier1_design_runs.csv,169
26b8cd814724c73fad50622296ab9ef412f04ac67d330995a29d16d78840109c,max_partition_streak_seconds,regression,42,train,170,360.0,307.2,RandomForest,C:\Users\johns\Developer\satnet-arch-dss-mac\data\tier1_design_runs.csv,170
7969d2190b09a15fc163ba5adcb0311e59e863edfc88e85ca3ea222b03a82f67,max_partition_streak_seconds,regression,42,train,171,360.0,345.6,RandomForest,C:\Users\johns\Developer\satnet-arch-dss-mac\data\tier1_design_runs.csv,171
8b1e5df61fd9f6546f1ffdf28116c2df6e8dcb5dbab812a4a5f8092c30e8df89,max_partition_streak_seconds,regression,42,train,172,0.0,28.8,RandomForest,C:\Users\johns\Developer\satnet-arch-dss-mac\data\tier1_design_runs.csv,172
6523d797f55a14f5ca3471eb2de6a1b412bf9f24d5f820daf725d13e4caa48f6,max_partition_streak_seconds,regression,42,train,174,360.0,338.4,RandomForest,C:\Users\johns\Developer\satnet-arch-dss-mac\data\tier1_design_runs.csv,174
fad6dc4937cdbde28a11ed3af6f5afa8b79d06ed22daf4cb091c176d248f7045,max_partition_streak_seconds,regression,42,train,183,360.0,360.0,RandomForest,C:\Users\johns\Developer\satnet-arch-dss-mac\data\tier1_design_runs.csv,183
3b3cfd996731dbec6b9c88d92f1e01fb1f6a4bd47600546d95fedb44c4d190f6,max_partition_streak_seconds,regression,42,train,186,360.0,360.0,RandomForest,C:\Users\johns\Developer\satnet-arch-dss-mac\data\tier1_design_runs.csv,186
665d86702a7950d344eed2c12b3de0031d19ac29dcb2202d789846bec386d8d9,max_partition_streak_seconds,regression,42,train,187,0.0,129.6,RandomForest,C:\Users\johns\Developer\satnet-arch-dss-mac\data\tier1_design_runs.csv,187
29504d4ad8e79b8f0f0d35c5f8aef429db1114ad4b8881e4c94da6520173416a,max_partition_streak_seconds,regression,42,train,188,0.0,43.2,RandomForest,C:\Users\johns\Developer\satnet-arch-dss-mac\data\tier1_design_runs.csv,188
a4647fe48592783ca2bc0a8d624d503f1b378659dd78689dbd2a649733259a44,max_partition_streak_seconds,regression,42,train,189,0.0,43.2,RandomForest,C:\Users\johns\Developer\satnet-arch-dss-mac\data\tier1_design_runs.csv,189
018e1a73085c9b656e768bceddebb79d1dfb401afa00a0fc8305e5d78e5db405,max_partition_streak_seconds,regression,42,train,190,360.0,360.0,RandomForest,C:\Users\johns\Developer\satnet-arch-dss-mac\data\tier1_design_runs.csv,190
4ad35e2e4757f43082623d07ce006940954facf2467080a619aa9c2080a4cbce,max_partition_streak_seconds,regression,42,train,192,360.0,316.8,RandomForest,C:\Users\johns\Developer\satnet-arch-dss-mac\data\tier1_design_runs.csv,192
2edca9c95043046491940ab76512dfc7ffb1f5f4bd82c7e0f19ccfb88566df71,max_partition_streak_seconds,regression,42,train,193,360.0,360.0,RandomForest,C:\Users\johns\Developer\satnet-arch-dss-mac\data\tier1_design_runs.csv,193
f6dc412d162877409c468542241a24ead7cffd0ca33aa23138b0951a8ee9ca49,max_partition_streak_seconds,regression,42,train,198,360.0,360.0,RandomForest,C:\Users\johns\Developer\satnet-arch-dss-mac\data\tier1_design_runs.csv,198
77adbc25788e364da30830d987ba6d2656cc12024c501fb4047b3e54a69c922d,max_partition_streak_seconds,regression,42,train,202,360.0,316.8,RandomForest,C:\Users\johns\Developer\satnet-arch-dss-mac\data\tier1_design_runs.csv,202
da0914ec053dc362288ef59f42b25d2a49f6245db690284088e10eb5d8e71886,max_partition_streak_seconds,regression,42,train,206,0.0,28.8,RandomForest,C:\Users\johns\Developer\satnet-arch-dss-mac\data\tier1_design_runs.csv,206
f7bd62ebc12845a490e7e92bfb772a4ae3cb7c1c40f23e79a84d275903ccf78f,max_partition_streak_seconds,regression,42,train,207,360.0,360.0,RandomForest,C:\Users\johns\Developer\satnet-arch-dss-mac\data\tier1_design_runs.csv,207
6a13f93b8b0867fcee215bdc1bf4a0a0e5ae5772498c4950321661a85120d0cf,max_partition_streak_seconds,regression,42,train,208,360.0,345.6,RandomForest,C:\Users\johns\Developer\satnet-arch-dss-mac\data\tier1_design_runs.csv,208
ec56cdc2292525a4e3945af780963279f8577f8a86e6f707ed086cadb8e26b6e,max_partition_streak_seconds,regression,42,train,210,360.0,259.2,RandomForest,C:\Users\johns\Developer\satnet-arch-dss-mac\data\tier1_design_runs.csv,210
e21f28b02597ef7540c09eb1f783a1168a2b9bd3adcc600d9e5365efe7ab5794,max_partition_streak_seconds,regression,42,train,211,360.0,360.0,RandomForest,C:\Users\johns\Developer\satnet-arch-dss-mac\data\tier1_design_runs.csv,211
25c64c484f78879d693ba16840bf2b8f5577119d22cbdf11d27ccf4b0ed9ac13,max_partition_streak_seconds,regression,42,train,214,360.0,360.0,RandomForest,C:\Users\johns\Developer\satnet-arch-dss-mac\data\tier1_design_runs.csv,214
35a1189b5fa7d7395cebeaf65da6cd2cac37eaae05575fca01a545707e33954b,max_partition_streak_seconds,regression,42,train,215,360.0,302.4,RandomForest,C:\Users\johns\Developer\satnet-arch-dss-mac\data\tier1_design_runs.csv,215
28cb6e862f7764f916fd62de78cc59fadb3cd4ca24a85340148386b3a8130053,max_partition_streak_seconds,regression,42,train,221,360.0,360.0,RandomForest,C:\Users\johns\Developer\satnet-arch-dss-mac\data\tier1_design_runs.csv,221
769512aa80a2b7bb53cff73c106bb0cba8c95e7c9cbb19e10edd42218df4b484,max_partition_streak_seconds,regression,42,train,223,0.0,43.2,RandomForest,C:\Users\johns\Developer\satnet-arch-dss-mac\data\tier1_design_runs.csv,223
c483de5a2c5ae9c9beae1e5aee29cff749ac4cccdd40ca325b5932c232616b37,max_partition_streak_seconds,regression,42,train,226,360.0,331.2,RandomForest,C:\Users\johns\Developer\satnet-arch-dss-mac\data\tier1_design_runs.csv,226
25f4509f690a29c990a30206269cd0a0a9779fadaa0569a90106cf25a4c77188,max_partition_streak_seconds,regression,42,train,227,360.0,360.0,RandomForest,C:\Users\johns\Developer\satnet-arch-dss-mac\data\tier1_design_runs.csv,227
cfa886a78485bce67ebc8aea4270fda2d0c2ba1c10d45532622f1d8e4f5eb231,max_partition_streak_seconds,regression,42,train,228,360.0,360.0,RandomForest,C:\Users\johns\Developer\satnet-arch-dss-mac\data\tier1_design_runs.csv,228
b4ded8489e99f99f4ab43aaac0c37ae4ffcb7ea72aec98683bd9afcdc8661590,max_partition_streak_seconds,regression,42,train,231,360.0,360.0,RandomForest,C:\Users\johns\Developer\satnet-arch-dss-mac\data\tier1_design_runs.csv,231
5152d8870903f7a05b38e532b3cee310fd86f2f13c86cd5a86f66f40179e12af,max_partition_streak_seconds,regression,42,train,232,360.0,360.0,RandomForest,C:\Users\johns\Developer\satnet-arch-dss-mac\data\tier1_design_runs.csv,232
4b6cc12453cabc9797bd535315d46aae259cecc58637dba5be87f55781def48b,max_partition_streak_seconds,regression,42,train,235,0.0,72.0,RandomForest,C:\Users\johns\Developer\satnet-arch-dss-mac\data\tier1_design_runs.csv,235
836ef2835ec16896d80cf63bb38873a7ed281ba3842b14b5462efd40866ce051,max_partition_streak_seconds,regression,42,train,241,360.0,345.6,RandomForest,C:\Users\johns\Developer\satnet-arch-dss-mac\data\tier1_design_runs.csv,241
e3d5cac9fbfefd3a49a051f0650cc72a3690489f259ab2dccfc69dbfa1a80747,max_partition_streak_seconds,regression,42,train,242,0.0,144.0,RandomForest,C:\Users\johns\Developer\satnet-arch-dss-mac\data\tier1_design_runs.csv,242
54947f3760120d3401e3133bc03360b41f792040956d95bb75f4d1d6bc9c3591,max_partition_streak_seconds,regression,42,train,243,0.0,57.6,RandomForest,C:\Users\johns\Developer\satnet-arch-dss-mac\data\tier1_design_runs.csv,243
0a66b2e947efdba63f8b3d6891783f26bf3408b882e7ccc76ebdb32c1d34d415,max_partition_streak_seconds,regression,42,train,244,360.0,316.8,RandomForest,C:\Users\johns\Developer\satnet-arch-dss-mac\data\tier1_design_runs.csv,244
5d37e9bcf144f90e5608c90eb46355905815ae234de400d3f775f98d95a9c8c9,max_partition_streak_seconds,regression,42,train,245,360.0,360.0,RandomForest,C:\Users\johns\Developer\satnet-arch-dss-mac\data\tier1_design_runs.csv,245
49914b18154209797cf556f885f3d029e8838674f655414eafc6f7430951df8a,max_partition_streak_seconds,regression,42,train,246,360.0,345.6,RandomForest,C:\Users\johns\Developer\satnet-arch-dss-mac\data\tier1_design_runs.csv,246
6771256f932f7c727d785b32096e79acaecbf844038f8a79e90109b6e18b6e62,max_partition_streak_seconds,regression,42,train,249,360.0,360.0,RandomForest,C:\Users\johns\Developer\satnet-arch-dss-mac\data\tier1_design_runs.csv,249
410bdd2912ca991462414f67f032ae14319aa04a6e9d9e19c040e10de2c4a603,max_partition_streak_seconds,regression,42,val,2,360.0,360.0,RandomForest,C:\Users\johns\Developer\satnet-arch-dss-mac\data\tier1_design_runs.csv,2
6043e4a2c27aef4fd64d517a58a0b6045411c7ebb5774e3258b8c1fa60b96bd3,max_partition_streak_seconds,regression,42,val,5,360.0,360.0,RandomForest,C:\Users\johns\Developer\satnet-arch-dss-mac\data\tier1_design_runs.csv,5
d290e9a2f9eb260282dffd5d7437bbba8221abef742269e4cdf77f24f6a11ee0,max_partition_streak_seconds,regression,42,val,12,240.0,247.2,RandomForest,C:\Users\johns\Developer\satnet-arch-dss-mac\data\tier1_design_runs.csv,12
65f1de878b27dec633dd1ddc72e347a75550cbb81aa4ba8051016a39b796dd54,max_partition_streak_seconds,regression,42,val,17,360.0,331.2,RandomForest,C:\Users\johns\Developer\satnet-arch-dss-mac\data\tier1_design_runs.csv,17
962c702d43babe94ad65a3fd328f853029bb967b56762eb44009d3de6aa65cf9,max_partition_streak_seconds,regression,42,val,22,360.0,360.0,RandomForest,C:\Users\johns\Developer\satnet-arch-dss-mac\data\tier1_design_runs.csv,22
3076b4b4d98ea031db9b7ec48e1892b17882b2f9f5770132db36120e76463598,max_partition_streak_seconds,regression,42,val,23,0.0,100.8,RandomForest,C:\Users\johns\Developer\satnet-arch-dss-mac\data\tier1_design_runs.csv,23
95a3771ea9145ec9777e6065864068c54ef53a151b74959764ea8d50e0733991,max_partition_streak_seconds,regression,42,val,27,0.0,19.2,RandomForest,C:\Users\johns\Developer\satnet-arch-dss-mac\data\tier1_design_runs.csv,27
35ef849d48d7530947bfdcba96884d18f66cc67fc3b35c353de9d7aa61097cda,max_partition_streak_seconds,regression,42,val,28,360.0,316.8,RandomForest,C:\Users\johns\Developer\satnet-arch-dss-mac\data\tier1_design_runs.csv,28
5e9b43f3a115feddbfa88c5b08bf1e20cc7c6096fa9b5f284a523f1f5de0a40a,max_partition_streak_seconds,regression,42,val,35,240.0,230.4,RandomForest,C:\Users\johns\Developer\satnet-arch-dss-mac\data\tier1_design_runs.csv,35
20e706619bcc395170e5a414c19ecb272c49219b4b767d03bee0e4cbc159b4d6,max_partition_streak_seconds,regression,42,val,37,360.0,345.6,RandomForest,C:\Users\johns\Developer\satnet-arch-dss-mac\data\tier1_design_runs.csv,37
64aa287d08ff91cd2cdb9af977b0c735cd42d0b4689b4393069969abf1d20b44,max_partition_streak_seconds,regression,42,val,41,360.0,331.2,RandomForest,C:\Users\johns\Developer\satnet-arch-dss-mac\data\tier1_design_runs.csv,41
a297b61ed7bb7c9c8df6f2c8bb003945629b8582ddee4676c1b6c51c0357e9d2,max_partition_streak_seconds,regression,42,val,42,360.0,360.0,RandomForest,C:\Users\johns\Developer\satnet-arch-dss-mac\data\tier1_design_runs.csv,42
1aecd480d85db6967698ca108f487c2e57a1206ba817d8397a6466416cc7a8d3,max_partition_streak_seconds,regression,42,val,43,360.0,360.0,RandomForest,C:\Users\johns\Developer\satnet-arch-dss-mac\data\tier1_design_runs.csv,43
e4b28fa2446c01f482509afafdefcf9d7448ab28b097b31c4ae5396323739601,max_partition_streak_seconds,regression,42,val,48,0.0,43.2,RandomForest,C:\Users\johns\Developer\satnet-arch-dss-mac\data\tier1_design_runs.csv,48
54a2224a989e27b5a39b393cd4d21afa53dc6206c8cd64e1678febd31308af2c,max_partition_streak_seconds,regression,42,val,51,360.0,360.0,RandomForest,C:\Users\johns\Developer\satnet-arch-dss-mac\data\tier1_design_runs.csv,51
43166c9e8722655071b8dc6003f9ae1ba2991acb6c6ef3782f3c7e8e082d7455,max_partition_streak_seconds,regression,42,val,54,0.0,57.6,RandomForest,C:\Users\johns\Developer\satnet-arch-dss-mac\data\tier1_design_runs.csv,54
1874d905c5bb8a2bc02c9edab57dd11b0300948651ea0c2eac94e06498629ddc,max_partition_streak_seconds,regression,42,val,56,0.0,60.0,RandomForest,C:\Users\johns\Developer\satnet-arch-dss-mac\data\tier1_design_runs.csv,56
ad90e446c2636aa613a148e12ad41fa7664c84072c5512f1eb371ccfed82752d,max_partition_streak_seconds,regression,42,val,59,360.0,237.6,RandomForest,C:\Users\johns\Developer\satnet-arch-dss-mac\data\tier1_design_runs.csv,59
312f16461fc9880068152b21f0c39a176b281ad00d6b9a7f334aff50e2e72861,max_partition_streak_seconds,regression,42,val,61,360.0,360.0,RandomForest,C:\Users\johns\Developer\satnet-arch-dss-mac\data\tier1_design_runs.csv,61
c4407a241903a5836c8446b0a8eb1ba46e4bc3448dd7c6d9d19b8d113d6dbf6c,max_partition_streak_seconds,regression,42,val,70,360.0,360.0,RandomForest,C:\Users\johns\Developer\satnet-arch-dss-mac\data\tier1_design_runs.csv,70
5cedb454b59f1bdb65d0076a7c7e787940572b439cff2c6df856858bfd4e36e1,max_partition_streak_seconds,regression,42,val,74,360.0,360.0,RandomForest,C:\Users\johns\Developer\satnet-arch-dss-mac\data\tier1_design_runs.csv,74
dae108afb2cdabf704bbb8f09703913e61a6bfb3d4aacf67e772f666f0010b92,max_partition_streak_seconds,regression,42,val,75,360.0,345.6,RandomForest,C:\Users\johns\Developer\satnet-arch-dss-mac\data\tier1_design_runs.csv,75
118b39ab6c88843e224e5dd87d6f1badbbc13ef218396ce949df5a75591ec288,max_partition_streak_seconds,regression,42,val,79,360.0,244.8,RandomForest,C:\Users\johns\Developer\satnet-arch-dss-mac\data\tier1_design_runs.csv,79
8c46349ede5265d831bf383ab7ce0c9af862cfc32d49143165462386217db18d,max_partition_streak_seconds,regression,42,val,85,360.0,360.0,RandomForest,C:\Users\johns\Developer\satnet-arch-dss-mac\data\tier1_design_runs.csv,85
929508fe93f8a1e08f35637263e2ea623950e8ac6070b6ae34cd243d4df67fc5,max_partition_streak_seconds,regression,42,val,86,360.0,345.6,RandomForest,C:\Users\johns\Developer\satnet-arch-dss-mac\data\tier1_design_runs.csv,86
994c955f06de30d7a34f453980db7989794e385eb258606b514c7c7c452e7f9e,max_partition_streak_seconds,regression,42,val,87,360.0,360.0,RandomForest,C:\Users\johns\Developer\satnet-arch-dss-mac\data\tier1_design_runs.csv,87
05f0bf2423fafb879d4f6ce4ee4a91fa2fbc7b3870ca1d135a7411a7644cdacf,max_partition_streak_seconds,regression,42,val,88,360.0,302.4,RandomForest,C:\Users\johns\Developer\satnet-arch-dss-mac\data\tier1_design_runs.csv,88
8907f494dd7d8a08ca00c103e78eac621b02668f555740212dfff2e8e878db59,max_partition_streak_seconds,regression,42,val,94,0.0,144.0,RandomForest,C:\Users\johns\Developer\satnet-arch-dss-mac\data\tier1_design_runs.csv,94
674256a4fa499532341c57b3203ced836f4e7d00b951738cc635e03a61f64a0c,max_partition_streak_seconds,regression,42,val,95,360.0,360.0,RandomForest,C:\Users\johns\Developer\satnet-arch-dss-mac\data\tier1_design_runs.csv,95
efdc51a165b375471dedec176496bd90bdb67bd39838d2a244fca8d88ab8f601,max_partition_streak_seconds,regression,42,val,99,360.0,360.0,RandomForest,C:\Users\johns\Developer\satnet-arch-dss-mac\data\tier1_design_runs.csv,99
92e69d293d31ac53031e7ccef9515a09fdb76491ab51b28f8146ed794bcbcb7d,max_partition_streak_seconds,regression,42,val,107,0.0,316.8,RandomForest,C:\Users\johns\Developer\satnet-arch-dss-mac\data\tier1_design_runs.csv,107
ddb1d78308fd0d637d95431a15cade839c3782076b3209664b177ce611df7f35,max_partition_streak_seconds,regression,42,val,125,360.0,232.8,RandomForest,C:\Users\johns\Developer\satnet-arch-dss-mac\data\tier1_design_runs.csv,125
67ab48d2b63ebda2d5ae2c706c0697c715289556e9e9988e139b0e6458d3ed6c,max_partition_streak_seconds,regression,42,val,126,360.0,242.4,RandomForest,C:\Users\johns\Developer\satnet-arch-dss-mac\data\tier1_design_runs.csv,126
814eaf7f63b901350036d80623f2cda0f864403bc3a70bbcc444bdfe515061ef,max_partition_streak_seconds,regression,42,val,127,0.0,360.0,RandomForest,C:\Users\johns\Developer\satnet-arch-dss-mac\data\tier1_design_runs.csv,127
51b15872b49b71ebc1e8977ebb2117f0d8fd323a2e21af07f00b4dc0c02ada96,max_partition_streak_seconds,regression,42,val,131,360.0,360.0,RandomForest,C:\Users\johns\Developer\satnet-arch-dss-mac\data\tier1_design_runs.csv,131
9b69170df5e3e72d589a0794c040f7d299e6ef3d0ca6b377103268a0ff209842,max_partition_streak_seconds,regression,42,val,143,360.0,360.0,RandomForest,C:\Users\johns\Developer\satnet-arch-dss-mac\data\tier1_design_runs.csv,143
a7762c04a478ced565a4d6e5d73b749b0a509f5e4adf7f55890cdc1d9930f6af,max_partition_streak_seconds,regression,42,val,150,0.0,244.8,RandomForest,C:\Users\johns\Developer\satnet-arch-dss-mac\data\tier1_design_runs.csv,150
cb1e3e9412b6e412f7ac92786ccc0f5fb15902148391745a5aa4ba779a96284e,max_partition_streak_seconds,regression,42,val,153,360.0,302.4,RandomForest,C:\Users\johns\Developer\satnet-arch-dss-mac\data\tier1_design_runs.csv,153
d8d1c44cb4b6900ceceec415a812add2a0652646616fe2ce5de72b57e70f8556,max_partition_streak_seconds,regression,42,val,160,360.0,208.8,RandomForest,C:\Users\johns\Developer\satnet-arch-dss-mac\data\tier1_design_runs.csv,160
cf1074970467724cb22d4e31ac983a559a1698b0fb9beb8a037654fc32079355,max_partition_streak_seconds,regression,42,val,162,360.0,360.0,RandomForest,C:\Users\johns\Developer\satnet-arch-dss-mac\data\tier1_design_runs.csv,162
3aea221e2dee2b47767899fb5d061cea940d2aca8849c99958ab1434f64ba4c2,max_partition_streak_seconds,regression,42,val,163,360.0,331.2,RandomForest,C:\Users\johns\Developer\satnet-arch-dss-mac\data\tier1_design_runs.csv,163
8a7c528e04f12298ed85f8ff4f94befe92a5643bc9c9260d8a2e4e4688431cd4,max_partition_streak_seconds,regression,42,val,164,0.0,79.2,RandomForest,C:\Users\johns\Developer\satnet-arch-dss-mac\data\tier1_design_runs.csv,164
cf605686524b7d18f230cd3699ad6328bb9f5c7aa555c6a2399d355f8045d0e0,max_partition_streak_seconds,regression,42,val,165,360.0,360.0,RandomForest,C:\Users\johns\Developer\satnet-arch-dss-mac\data\tier1_design_runs.csv,165
c31ca6551543569bc12c17fb153075e8a483f7170ca58ebb73290f5180824a42,max_partition_streak_seconds,regression,42,val,175,360.0,244.8,RandomForest,C:\Users\johns\Developer\satnet-arch-dss-mac\data\tier1_design_runs.csv,175
b9b82ba6973010e15a8a131d819d3b40804ce3607153c54fd422bc1fe6e5cb6c,max_partition_streak_seconds,regression,42,val,178,360.0,331.2,RandomForest,C:\Users\johns\Developer\satnet-arch-dss-mac\data\tier1_design_runs.csv,178
f0722f3880269b29510b5fc5d3d8d483d7e9c7d6352ec02776c9b94d21d57dfe,max_partition_streak_seconds,regression,42,val,179,360.0,230.4,RandomForest,C:\Users\johns\Developer\satnet-arch-dss-mac\data\tier1_design_runs.csv,179
00a7be0cf8cc71de07bbb2c6cd1e1f058e935bdc7af89b388c4a6068d2c2912b,max_partition_streak_seconds,regression,42,val,182,360.0,259.2,RandomForest,C:\Users\johns\Developer\satnet-arch-dss-mac\data\tier1_design_runs.csv,182
7d9dedaa3c591d14ebd846e23e97cb7f6efa180736ee77620fe7bf86423fecda,max_partition_streak_seconds,regression,42,val,191,0.0,148.8,RandomForest,C:\Users\johns\Developer\satnet-arch-dss-mac\data\tier1_design_runs.csv,191
8e88c79b411bffd14bacff1bc8d1df78b77092733e6df5a32418efae84aeabe6,max_partition_streak_seconds,regression,42,val,195,360.0,338.4,RandomForest,C:\Users\johns\Developer\satnet-arch-dss-mac\data\tier1_design_runs.csv,195
d57097678f30a26e0f99c1d7bbe2f91c539fcbc17d8eece375b744a1d047b7b2,max_partition_streak_seconds,regression,42,val,199,0.0,45.6,RandomForest,C:\Users\johns\Developer\satnet-arch-dss-mac\data\tier1_design_runs.csv,199
41bba2710901a34a20d3d95d240430eba96a15c0d2bcab529ae9ed19b9e07d83,max_partition_streak_seconds,regression,42,val,203,120.0,261.6,RandomForest,C:\Users\johns\Developer\satnet-arch-dss-mac\data\tier1_design_runs.csv,203
42d2d5612c578441bd69f86bd8d87ff50c3124fc3f1ef1b53e651f377d6075ce,max_partition_streak_seconds,regression,42,val,204,360.0,360.0,RandomForest,C:\Users\johns\Developer\satnet-arch-dss-mac\data\tier1_design_runs.csv,204
48e940d6aadc509ae0f63bc3785ff0db0c6f2b1ed37967e9d12774f3ceca4261,max_partition_streak_seconds,regression,42,val,205,360.0,360.0,RandomForest,C:\Users\johns\Developer\satnet-arch-dss-mac\data\tier1_design_runs.csv,205
eb9913862ca06187916c0fa70f464ef7224f7ea693dd2e32d728fb9b99ad2cc2,max_partition_streak_seconds,regression,42,val,209,360.0,360.0,RandomForest,C:\Users\johns\Developer\satnet-arch-dss-mac\data\tier1_design_runs.csv,209
8b4b6abf94c9b76776ed3ac2b927eab0c3a77906d2cf24071e67fddfbea496f7,max_partition_streak_seconds,regression,42,val,212,360.0,360.0,RandomForest,C:\Users\johns\Developer\satnet-arch-dss-mac\data\tier1_design_runs.csv,212
98a19db56435b3e08f548aa04a63d38aa09bb1a6b4a643be31e0dc8b4799145f,max_partition_streak_seconds,regression,42,val,213,0.0,216.0,RandomForest,C:\Users\johns\Developer\satnet-arch-dss-mac\data\tier1_design_runs.csv,213
87ea848db68aef1456bad76d3b4b4c7b36ec00aed03417df92e6be86d0d43c19,max_partition_streak_seconds,regression,42,val,218,360.0,259.2,RandomForest,C:\Users\johns\Developer\satnet-arch-dss-mac\data\tier1_design_runs.csv,218
11c0354b9266d0e2177e3145b5800142f707c65272ae121c5dc4050da93a725e,max_partition_streak_seconds,regression,42,val,220,360.0,360.0,RandomForest,C:\Users\johns\Developer\satnet-arch-dss-mac\data\tier1_design_runs.csv,220
c6360346bbdec7f32b3d0d50ae3e44b22c5b558057293e467507dcccc85b59a9,max_partition_streak_seconds,regression,42,val,230,360.0,252.0,RandomForest,C:\Users\johns\Developer\satnet-arch-dss-mac\data\tier1_design_runs.csv,230
0fc0d399764fcaae7d8bb02145316a61352957cf1333c72788c05a09b0548539,max_partition_streak_seconds,regression,42,val,234,0.0,122.4,RandomForest,C:\Users\johns\Developer\satnet-arch-dss-mac\data\tier1_design_runs.csv,234
73e3c6c1d581a31b13dad8b63a5c6001042c401173ad226eeed144a87586b66b,max_partition_streak_seconds,regression,42,val,237,360.0,360.0,RandomForest,C:\Users\johns\Developer\satnet-arch-dss-mac\data\tier1_design_runs.csv,237
efa5df44f8d01325e30ffe285b605bd423c46200091fd04763c612d2caa27fec,max_partition_streak_seconds,regression,42,val,239,360.0,360.0,RandomForest,C:\Users\johns\Developer\satnet-arch-dss-mac\data\tier1_design_runs.csv,239
790a6c061b16fa3c21f7bc11997712d3e2770bb11e164a388bf370e81c659be5,max_partition_streak_seconds,regression,42,val,248,360.0,360.0,RandomForest,C:\Users\johns\Developer\satnet-arch-dss-mac\data\tier1_design_runs.csv,248
4a4221b70372e1f3b850141bc9b986d97eae714ae499311681e9ab51d3d9a822,max_partition_streak_seconds,regression,42,test,6,360.0,316.8,RandomForest,C:\Users\johns\Developer\satnet-arch-dss-mac\data\tier1_design_runs.csv,6
52d21150ba047e35c373a83f7937615992696a4ad3dd1979bd7bc8ec6295d69f,max_partition_streak_seconds,regression,42,test,9,360.0,360.0,RandomForest,C:\Users\johns\Developer\satnet-arch-dss-mac\data\tier1_design_runs.csv,9
f9850eeff1354ca26179b2117e88a14bd4a96a6b437bed882ecae56e7e83ec58,max_partition_streak_seconds,regression,42,test,10,360.0,360.0,RandomForest,C:\Users\johns\Developer\satnet-arch-dss-mac\data\tier1_design_runs.csv,10
b9a3ed4926a3c18c4a511a76d8b4e51d4f8205f2d6ce187ecdd68125d2ac7353,max_partition_streak_seconds,regression,42,test,15,360.0,360.0,RandomForest,C:\Users\johns\Developer\satnet-arch-dss-mac\data\tier1_design_runs.csv,15
30e41bd72e6bf958a295e0f86d81e97b0836e2a4fba914d1535f183ad953ae35,max_partition_streak_seconds,regression,42,test,16,0.0,84.0,RandomForest,C:\Users\johns\Developer\satnet-arch-dss-mac\data\tier1_design_runs.csv,16
b0318fdc91f51baef41dc046aaeae4a6aa9d312808ec682384bcbfcc6314ccce,max_partition_streak_seconds,regression,42,test,18,0.0,129.6,RandomForest,C:\Users\johns\Developer\satnet-arch-dss-mac\data\tier1_design_runs.csv,18
e40b46a6eea26088147e39e7cfca52d17740f3c2d6d999c3eb37ef770ed3c6d6,max_partition_streak_seconds,regression,42,test,19,360.0,345.6,RandomForest,C:\Users\johns\Developer\satnet-arch-dss-mac\data\tier1_design_runs.csv,19
fff37958b9b37042abb25b383944f0c91972f20ad9cfbb711a5f3b1faf005f35,max_partition_streak_seconds,regression,42,test,24,360.0,360.0,RandomForest,C:\Users\johns\Developer\satnet-arch-dss-mac\data\tier1_design_runs.csv,24
0566705f58801d1812924a3f5e79b0459b16eaa7dd5ea8eca1951d52ce01997e,max_partition_streak_seconds,regression,42,test,25,360.0,360.0,RandomForest,C:\Users\johns\Developer\satnet-arch-dss-mac\data\tier1_design_runs.csv,25
73b904c279c9c7a5e6fba316cb5405f8c41128d228243050e5e4f160321a815d,max_partition_streak_seconds,regression,42,test,30,360.0,331.2,RandomForest,C:\Users\johns\Developer\satnet-arch-dss-mac\data\tier1_design_runs.csv,30
e12db238cf3dc986d144e7a442aa56a130d7c9a582b88cff506f43454c4beae1,max_partition_streak_seconds,regression,42,test,33,360.0,360.0,RandomForest,C:\Users\johns\Developer\satnet-arch-dss-mac\data\tier1_design_runs.csv,33
cf41a6f0f4b4d925357fb552e9b76d424d86f97f8fbc21d9c289317a8f65686e,max_partition_streak_seconds,regression,42,test,38,360.0,316.8,RandomForest,C:\Users\johns\Developer\satnet-arch-dss-mac\data\tier1_design_runs.csv,38
004b9f1ac3c13f791faf2ba14b0cca5ed0feaa0ca5323d81881fc9c5c035e662,max_partition_streak_seconds,regression,42,test,45,360.0,345.6,RandomForest,C:\Users\johns\Developer\satnet-arch-dss-mac\data\tier1_design_runs.csv,45
cd440f0e4b0bd422b27083359290824f5371065705fba8ce83a0926bbc310776,max_partition_streak_seconds,regression,42,test,55,360.0,360.0,RandomForest,C:\Users\johns\Developer\satnet-arch-dss-mac\data\tier1_design_runs.csv,55
41f98c5862548c965e273bcc6845759ed142f9acdc8518f4ef74a47be122fdc5,max_partition_streak_seconds,regression,42,test,60,0.0,0.0,RandomForest,C:\Users\johns\Developer\satnet-arch-dss-mac\data\tier1_design_runs.csv,60
446f2f8af05443e1114b3628598aeb1b76a381c3d8cc93fb96a144c2fbc4b56c,max_partition_streak_seconds,regression,42,test,66,360.0,328.8,RandomForest,C:\Users\johns\Developer\satnet-arch-dss-mac\data\tier1_design_runs.csv,66
63d79e9b43f8cd02263ad7bb23cd199e0fbb77897da464feccad048a5fc6f4d8,max_partition_streak_seconds,regression,42,test,67,360.0,360.0,RandomForest,C:\Users\johns\Developer\satnet-arch-dss-mac\data\tier1_design_runs.csv,67
3cffdb022160606e8b684dc8fb0f8d87654946447a97334fb3458bb6a560f104,max_partition_streak_seconds,regression,42,test,68,360.0,316.8,RandomForest,C:\Users\johns\Developer\satnet-arch-dss-mac\data\tier1_design_runs.csv,68
0f7be23ac6a6cb72f74f50204a2022784f44bd5000b7f10fa4f8cd8051969b73,max_partition_streak_seconds,regression,42,test,69,360.0,151.2,RandomForest,C:\Users\johns\Developer\satnet-arch-dss-mac\data\tier1_design_runs.csv,69
24615e8624855886f0a5b41efb387f88814a25fe8005bb8ca9f690fe2bd39723,max_partition_streak_seconds,regression,42,test,96,0.0,100.8,RandomForest,C:\Users\johns\Developer\satnet-arch-dss-mac\data\tier1_design_runs.csv,96
b2059e803dd6773b3efa65da807e4a9e74b6de0ee5495ae57b82db10616ba68f,max_partition_streak_seconds,regression,42,test,97,360.0,144.0,RandomForest,C:\Users\johns\Developer\satnet-arch-dss-mac\data\tier1_design_runs.csv,97
c04c34a05f2b5fc44e4e17b133200525521c5057e2d0aff0f03adab1cf4fb750,max_partition_streak_seconds,regression,42,test,104,120.0,288.0,RandomForest,C:\Users\johns\Developer\satnet-arch-dss-mac\data\tier1_design_runs.csv,104
1d98f3b9b8d898635bcf2feb2c6ab11f7ed08873045cad98785396b3151d34ca,max_partition_streak_seconds,regression,42,test,108,360.0,115.2,RandomForest,C:\Users\johns\Developer\satnet-arch-dss-mac\data\tier1_design_runs.csv,108
ab56d29f37c1ae7f2cf6656c229b9fad26456666f762bf8f033c45cccd23b7d4,max_partition_streak_seconds,regression,42,test,111,0.0,91.2,RandomForest,C:\Users\johns\Developer\satnet-arch-dss-mac\data\tier1_design_runs.csv,111
f5c4a1e4b3caffe6f234ccf3ddc015ef3192e77e7b8a2ed7e03590a77c51e51b,max_partition_streak_seconds,regression,42,test,112,360.0,360.0,RandomForest,C:\Users\johns\Developer\satnet-arch-dss-mac\data\tier1_design_runs.csv,112
7030e92f083f7508c940a2cc418dacd87a52676600eacd818a97038bf14d3207,max_partition_streak_seconds,regression,42,test,114,180.0,360.0,RandomForest,C:\Users\johns\Developer\satnet-arch-dss-mac\data\tier1_design_runs.csv,114
5f60b7c00c98a42dd109c4db59b256147e0cd4a6a29554f634cc2f8b532246a2,max_partition_streak_seconds,regression,42,test,117,360.0,360.0,RandomForest,C:\Users\johns\Developer\satnet-arch-dss-mac\data\tier1_design_runs.csv,117
44078981610cbeba47b91d8deab77059b37c72f92f3606c305d402d3b12d0c41,max_partition_streak_seconds,regression,42,test,118,360.0,345.6,RandomForest,C:\Users\johns\Developer\satnet-arch-dss-mac\data\tier1_design_runs.csv,118
6edcd2e806f3fcd66b36f6fec28aa840a9f6bbeb0e90a6f79fb64c275057078f,max_partition_streak_seconds,regression,42,test,119,360.0,360.0,RandomForest,C:\Users\johns\Developer\satnet-arch-dss-mac\data\tier1_design_runs.csv,119
98185dd06a9ae919117781f1e2581eb330c79c8b06aeab94177904129a891afe,max_partition_streak_seconds,regression,42,test,120,120.0,331.2,RandomForest,C:\Users\johns\Developer\satnet-arch-dss-mac\data\tier1_design_runs.csv,120
73b3197962797e85a217a1456488ec1b1c708a8098b70e438aec58cfc532a858,max_partition_streak_seconds,regression,42,test,132,0.0,0.0,RandomForest,C:\Users\johns\Developer\satnet-arch-dss-mac\data\tier1_design_runs.csv,132
462dfe60d0d91f399eaa03301bec38777e2c56dda552342b7d46607a55a349bb,max_partition_streak_seconds,regression,42,test,136,0.0,28.8,RandomForest,C:\Users\johns\Developer\satnet-arch-dss-mac\data\tier1_design_runs.csv,136
624e1970b6186f856cec25d21d78a08ce2353104288a2f5daac3c07fdbe77eae,max_partition_streak_seconds,regression,42,test,141,360.0,345.6,RandomForest,C:\Users\johns\Developer\satnet-arch-dss-mac\data\tier1_design_runs.csv,141
26afa6d845e1f821bb745492cb3b6e579b4a0a98b994d1d1395d58f88458b2cd,max_partition_streak_seconds,regression,42,test,142,360.0,331.2,RandomForest,C:\Users\johns\Developer\satnet-arch-dss-mac\data\tier1_design_runs.csv,142
38d27022ced7992dc38df6bf91bcfa643daec1a525b40e79b35a48228c50d637,max_partition_streak_seconds,regression,42,test,146,0.0,50.4,RandomForest,C:\Users\johns\Developer\satnet-arch-dss-mac\data\tier1_design_runs.csv,146
4c95fbd21f4fdab01f837570d3edfcc09790b6b25ee284dd6d06012ce2157a92,max_partition_streak_seconds,regression,42,test,154,360.0,223.2,RandomForest,C:\Users\johns\Developer\satnet-arch-dss-mac\data\tier1_design_runs.csv,154
1e74c34fcd16506858171b58cc010029e3b71d925c9df3d4673d5e68fa68d4c2,max_partition_streak_seconds,regression,42,test,156,360.0,360.0,RandomForest,C:\Users\johns\Developer\satnet-arch-dss-mac\data\tier1_design_runs.csv,156
b41328e1c1259300ccc38be60c6be8ea6919173dd1574dc02e562b91811a1e48,max_partition_streak_seconds,regression,42,test,159,360.0,187.2,RandomForest,C:\Users\johns\Developer\satnet-arch-dss-mac\data\tier1_design_runs.csv,159
b0980c350ecc294cc06a175378d1446094707e0b057032da7711fe71d7095b2c,max_partition_streak_seconds,regression,42,test,168,360.0,360.0,RandomForest,C:\Users\johns\Developer\satnet-arch-dss-mac\data\tier1_design_runs.csv,168
d60f0ed8b5febadbcf6ef2c5d4f73c77bf3d2d9c3d7e81426c5172350e8c9a2d,max_partition_streak_seconds,regression,42,test,173,360.0,273.6,RandomForest,C:\Users\johns\Developer\satnet-arch-dss-mac\data\tier1_design_runs.csv,173
8536b637de816f6d48b1d19f615ae858ab5c647dc4fe0918b54e370663d74b7b,max_partition_streak_seconds,regression,42,test,176,120.0,261.6,RandomForest,C:\Users\johns\Developer\satnet-arch-dss-mac\data\tier1_design_runs.csv,176
bc11511004f0f6dca900a29fb861542ab5fd663dd8fec8aa755b94cf201230f8,max_partition_streak_seconds,regression,42,test,177,360.0,220.8,RandomForest,C:\Users\johns\Developer\satnet-arch-dss-mac\data\tier1_design_runs.csv,177
856de270a09ee9cc2fb0c701abbc6f0803318bc27ab2b1724d7c5073fc0d8cc8,max_partition_streak_seconds,regression,42,test,180,360.0,324.0,RandomForest,C:\Users\johns\Developer\satnet-arch-dss-mac\data\tier1_design_runs.csv,180
28796e7c6bbe3344d21ebe6638e4a02f69148e062d6f7753ad19191ce4c0d3f8,max_partition_streak_seconds,regression,42,test,181,360.0,360.0,RandomForest,C:\Users\johns\Developer\satnet-arch-dss-mac\data\tier1_design_runs.csv,181
a523ddb7f772a39d0d7ded583519836769bdadd00807dd42d01c999db9c5e756,max_partition_streak_seconds,regression,42,test,184,300.0,100.8,RandomForest,C:\Users\johns\Developer\satnet-arch-dss-mac\data\tier1_design_runs.csv,184
9c317db354a5b223662f869c57cddaef800281c4207f460eca3a816a6d6f6f73,max_partition_streak_seconds,regression,42,test,185,360.0,360.0,RandomForest,C:\Users\johns\Developer\satnet-arch-dss-mac\data\tier1_design_runs.csv,185
26aee422c9808d81aec33e6287b167dc7f16371be687c80d6deb19fa591c48e0,max_partition_streak_seconds,regression,42,test,194,360.0,360.0,RandomForest,C:\Users\johns\Developer\satnet-arch-dss-mac\data\tier1_design_runs.csv,194
b37174500267a333a826685c85fe8d2092cbd109a627a27716eda41c728ad80c,max_partition_streak_seconds,regression,42,test,196,0.0,57.6,RandomForest,C:\Users\johns\Developer\satnet-arch-dss-mac\data\tier1_design_runs.csv,196
554ed01ab63c304073344ceb33edc29b5bea1092bc99eab32d7e5204975feac5,max_partition_streak_seconds,regression,42,test,197,360.0,309.6,RandomForest,C:\Users\johns\Developer\satnet-arch-dss-mac\data\tier1_design_runs.csv,197
98657f92f9aee65f986296a724ea6fa2cd9b43e2e536b8052b7acd96d22060bf,max_partition_streak_seconds,regression,42,test,200,360.0,129.6,RandomForest,C:\Users\johns\Developer\satnet-arch-dss-mac\data\tier1_design_runs.csv,200
3b27b6b7884a0a61c5463170e14389e9dd8ad549fbd10b77b20c775c16b54123,max_partition_streak_seconds,regression,42,test,201,360.0,264.0,RandomForest,C:\Users\johns\Developer\satnet-arch-dss-mac\data\tier1_design_runs.csv,201
7bb3dbcf33d0620a643f92d916831b2792fb9000e7dcbb600c8af315b016f3b5,max_partition_streak_seconds,regression,42,test,216,360.0,336.0,RandomForest,C:\Users\johns\Developer\satnet-arch-dss-mac\data\tier1_design_runs.csv,216
7e638fa0e8b23a862990cd2c55cf7758e4aca50ba1af19ac07baafa0d1938664,max_partition_streak_seconds,regression,42,test,217,360.0,360.0,RandomForest,C:\Users\johns\Developer\satnet-arch-dss-mac\data\tier1_design_runs.csv,217
254f57bf61e75e1f77f04293ab334314be4cc010cfabdd2505e7d4277c5647b9,max_partition_streak_seconds,regression,42,test,219,360.0,360.0,RandomForest,C:\Users\johns\Developer\satnet-arch-dss-mac\data\tier1_design_runs.csv,219
fb73bcf4ebe1989bd389158615687f0570fcf75526a917e671972c1ce7db78f1,max_partition_streak_seconds,regression,42,test,222,360.0,302.4,RandomForest,C:\Users\johns\Developer\satnet-arch-dss-mac\data\tier1_design_runs.csv,222
f5a0cb341b5d920494981a556437e71f224f0f20727055f7f2b4f0e887fed545,max_partition_streak_seconds,regression,42,test,224,360.0,194.4,RandomForest,C:\Users\johns\Developer\satnet-arch-dss-mac\data\tier1_design_runs.csv,224
87993ceddf34734564c93a139c8b80743e8033015685edb5fb3c3343721c5bba,max_partition_streak_seconds,regression,42,test,225,360.0,360.0,RandomForest,C:\Users\johns\Developer\satnet-arch-dss-mac\data\tier1_design_runs.csv,225
08153a1bb5400f13889d0c880b2df67e1f2eee5a687831165c40d349dfebed85,max_partition_streak_seconds,regression,42,test,229,360.0,360.0,RandomForest,C:\Users\johns\Developer\satnet-arch-dss-mac\data\tier1_design_runs.csv,229
f52352db04c1af996274a6b21ae51723300092316dc7c39ab257a7e977f7aaaa,max_partition_streak_seconds,regression,42,test,233,360.0,321.6,RandomForest,C:\Users\johns\Developer\satnet-arch-dss-mac\data\tier1_design_runs.csv,233
db248c513ebd142169ac3483fa0ee84c6befc8642272c3490bd7ff1f6783736b,max_partition_streak_seconds,regression,42,test,236,0.0,192.0,RandomForest,C:\Users\johns\Developer\satnet-arch-dss-mac\data\tier1_design_runs.csv,236
cbc2e48180ab0651f155ef375bf8f50707725395c0070d5b921c3124e9ed9563,max_partition_streak_seconds,regression,42,test,238,360.0,216.0,RandomForest,C:\Users\johns\Developer\satnet-arch-dss-mac\data\tier1_design_runs.csv,238
8c3fee2f005b8a375a81c3a3b39ec9e2784c6c889bc1592e5bb5e84c3b3c0b11,max_partition_streak_seconds,regression,42,test,240,360.0,331.2,RandomForest,C:\Users\johns\Developer\satnet-arch-dss-mac\data\tier1_design_runs.csv,240
03a808287ab7b5e14cd161a76b6e76430863288f82ee89135eb3212dc8397409,max_partition_streak_seconds,regression,42,test,247,0.0,43.2,RandomForest,C:\Users\johns\Developer\satnet-arch-dss-mac\data\tier1_design_runs.csv,247
