proposal_label,augmentation_design_id,augmentation_design_index,intended_split,intended_region,adjacent_search_k,altitude_km,civilian_count,configured_satellite_count,duration_minutes,epoch_iso,government_count,ground_service_threshold,ground_station_failure_probability,inclination_deg,isl_policy,max_inter_plane_links_per_sat,max_isl_distance_km,military_count,minimum_elevation_deg,near_neighbor_control_status,num_planes,orbital_engine,phasing_factor,proposal_status,realizations_per_design,run_identity_template,satellite_edge_failure_probability,satellite_failure_model,satellite_node_failure_probability,sats_per_plane,seed_status,simulation_authorized,space_gcc_threshold,step_seconds,total_ground_station_count
PROPOSAL ONLY — NOT FROZEN — DO NOT SIMULATE,AUGV1-D000,0,train,resilient_core,1,1065.1955867602808,8,48,10,2000-01-01T12:00:00+00:00,6,0.80000000000000004,0.021113340020060184,78.934804413239718,grid_fixed,1,10000,6,10,REQUIRES_PRE_FREEZE_CLUSTER_AUDIT,6,sgp4,1,NOT_FROZEN,5,AUGV1-D000-R00..R04,0.030742226680040119,persistent_temporal_union_edges_v1,0.011273821464393178,8,NOT_ISSUED,False,0.80000000000000004,60,20
PROPOSAL ONLY — NOT FROZEN — DO NOT SIMULATE,AUGV1-D001,1,train,resilient_core,1,930.39117352056167,7,48,10,2000-01-01T12:00:00+00:00,11,0.80000000000000004,0.042226680040120368,92.869608826479435,grid_fixed,1,10000,7,10,REQUIRES_PRE_FREEZE_CLUSTER_AUDIT,6,sgp4,1,NOT_FROZEN,5,AUGV1-D001-R00..R04,0.011484453360080242,persistent_temporal_union_edges_v1,0.022547642928786357,8,NOT_ISSUED,False,0.80000000000000004,60,25
PROPOSAL ONLY — NOT FROZEN — DO NOT SIMULATE,AUGV1-D002,2,train,resilient_core,1,1145.5867602808426,9,48,10,2000-01-01T12:00:00+00:00,9,0.80000000000000004,0.013340020060180542,73.804413239719153,grid_fixed,1,10000,12,10,REQUIRES_PRE_FREEZE_CLUSTER_AUDIT,6,sgp4,1,NOT_FROZEN,5,AUGV1-D002-R00..R04,0.042226680040120368,persistent_temporal_union_edges_v1,0.03382146439317954,8,NOT_ISSUED,False,0.80000000000000004,60,30
PROPOSAL ONLY — NOT FROZEN — DO NOT SIMULATE,AUGV1-D003,3,train,resilient_core,1,1010.7823470411233,17,48,10,2000-01-01T12:00:00+00:00,11,0.80000000000000004,0.034453360080240726,87.739217652958871,grid_fixed,1,10000,7,10,REQUIRES_PRE_FREEZE_CLUSTER_AUDIT,6,sgp4,1,NOT_FROZEN,5,AUGV1-D003-R00..R04,0.022968906720160484,persistent_temporal_union_edges_v1,0.0050952858575727183,8,NOT_ISSUED,False,0.80000000000000004,60,35
PROPOSAL ONLY — NOT FROZEN — DO NOT SIMULATE,AUGV1-D004,4,train,resilient_core,1,875.97793380140422,4,48,10,2000-01-01T12:00:00+00:00,8,0.80000000000000004,0.0055667001003009029,68.674022066198589,grid_fixed,1,10000,8,10,REQUIRES_PRE_FREEZE_CLUSTER_AUDIT,6,sgp4,1,NOT_FROZEN,5,AUGV1-D004-R00..R04,0.003711133400200602,persistent_temporal_union_edges_v1,0.016369107321965896,8,NOT_ISSUED,False,0.80000000000000004,60,20
PROPOSAL ONLY — NOT FROZEN — DO NOT SIMULATE,AUGV1-D005,5,train,resilient_core,1,1091.1735205616851,10,48,10,2000-01-01T12:00:00+00:00,5,0.80000000000000004,0.026680040120361084,82.608826479438306,grid_fixed,1,10000,10,10,REQUIRES_PRE_FREEZE_CLUSTER_AUDIT,6,sgp4,1,NOT_FROZEN,5,AUGV1-D005-R00..R04,0.034453360080240726,persistent_temporal_union_edges_v1,0.027642928786359079,8,NOT_ISSUED,False,0.80000000000000004,60,25
PROPOSAL ONLY — NOT FROZEN — DO NOT SIMULATE,AUGV1-D006,6,train,resilient_core,1,956.36910732196588,12,48,10,2000-01-01T12:00:00+00:00,9,0.80000000000000004,0.047793380140421268,96.543630892678038,grid_fixed,1,10000,9,10,REQUIRES_PRE_FREEZE_CLUSTER_AUDIT,6,sgp4,1,NOT_FROZEN,5,AUGV1-D006-R00..R04,0.015195586760280844,persistent_temporal_union_edges_v1,0.038916750250752259,8,NOT_ISSUED,False,0.80000000000000004,60,30
PROPOSAL ONLY — NOT FROZEN — DO NOT SIMULATE,AUGV1-D007,7,train,resilient_core,1,1171.5646940822467,10,48,10,2000-01-01T12:00:00+00:00,14,0.80000000000000004,0.018906720160481446,77.478435305917756,grid_fixed,1,10000,11,10,REQUIRES_PRE_FREEZE_CLUSTER_AUDIT,6,sgp4,1,NOT_FROZEN,5,AUGV1-D007-R00..R04,0.045937813440320968,persistent_temporal_union_edges_v1,0.010190571715145437,8,NOT_ISSUED,False,0.80000000000000004,60,35
PROPOSAL ONLY — NOT FROZEN — DO NOT SIMULATE,AUGV1-D008,8,train,resilient_core,1,1036.7602808425277,6,48,10,2000-01-01T12:00:00+00:00,6,0.80000000000000004,0.040020060180541626,91.413239719157474,grid_fixed,1,10000,8,10,REQUIRES_PRE_FREEZE_CLUSTER_AUDIT,6,sgp4,1,NOT_FROZEN,5,AUGV1-D008-R00..R04,0.026680040120361084,persistent_temporal_union_edges_v1,0.021464393179538615,8,NOT_ISSUED,False,0.80000000000000004,60,20
PROPOSAL ONLY — NOT FROZEN — DO NOT SIMULATE,AUGV1-D009,9,train,resilient_core,1,901.95586760280844,13,48,10,2000-01-01T12:00:00+00:00,7,0.80000000000000004,0.011133400200601806,72.348044132397192,grid_fixed,1,10000,5,10,REQUIRES_PRE_FREEZE_CLUSTER_AUDIT,6,sgp4,1,NOT_FROZEN,5,AUGV1-D009-R00..R04,0.0074222668004012039,persistent_temporal_union_edges_v1,0.032738214643931791,8,NOT_ISSUED,False,0.80000000000000004,60,25
PROPOSAL ONLY — NOT FROZEN — DO NOT SIMULATE,AUGV1-D010,10,train,resilient_core,1,1117.1514543630892,6,48,10,2000-01-01T12:00:00+00:00,12,0.80000000000000004,0.032246740220661985,86.282848545636909,grid_fixed,1,10000,12,10,REQUIRES_PRE_FREEZE_CLUSTER_AUDIT,6,sgp4,1,NOT_FROZEN,5,AUGV1-D010-R00..R04,0.038164493480441326,persistent_temporal_union_edges_v1,0.0040120361083249749,8,NOT_ISSUED,False,0.80000000000000004,60,30
PROPOSAL ONLY — NOT FROZEN — DO NOT SIMULATE,AUGV1-D011,11,train,resilient_core,1,982.3470411233701,14,48,10,2000-01-01T12:00:00+00:00,7,0.80000000000000004,0.0033600802407221667,67.217652958876627,grid_fixed,1,10000,14,10,REQUIRES_PRE_FREEZE_CLUSTER_AUDIT,6,sgp4,1,NOT_FROZEN,5,AUGV1-D011-R00..R04,0.018906720160481446,persistent_temporal_union_edges_v1,0.015285857572718154,8,NOT_ISSUED,False,0.80000000000000004,60,35
PROPOSAL ONLY — NOT FROZEN — DO NOT SIMULATE,AUGV1-D012,12,train,resilient_core,1,1197.542627883651,8,48,10,2000-01-01T12:00:00+00:00,6,0.80000000000000004,0.02447342026078235,81.152457372116345,grid_fixed,1,10000,6,10,REQUIRES_PRE_FREEZE_CLUSTER_AUDIT,6,sgp4,1,NOT_FROZEN,5,AUGV1-D012-R00..R04,0.049648946840521568,persistent_temporal_union_edges_v1,0.026559679037111334,8,NOT_ISSUED,False,0.80000000000000004,60,20
PROPOSAL ONLY — NOT FROZEN — DO NOT SIMULATE,AUGV1-D013,13,train,resilient_core,1,1062.7382146439318,7,48,10,2000-01-01T12:00:00+00:00,11,0.80000000000000004,0.045586760280842527,95.087261785356063,grid_fixed,1,10000,7,10,REQUIRES_PRE_FREEZE_CLUSTER_AUDIT,6,sgp4,1,NOT_FROZEN,5,AUGV1-D013-R00..R04,0.030391173520561688,persistent_temporal_union_edges_v1,0.037833500501504518,8,NOT_ISSUED,False,0.80000000000000004,60,25
PROPOSAL ONLY — NOT FROZEN — DO NOT SIMULATE,AUGV1-D014,14,train,resilient_core,1,927.93380140421266,9,48,10,2000-01-01T12:00:00+00:00,9,0.80000000000000004,0.016700100300902711,76.02206619859578,grid_fixed,1,10000,12,10,REQUIRES_PRE_FREEZE_CLUSTER_AUDIT,6,sgp4,1,NOT_FROZEN,5,AUGV1-D014-R00..R04,0.011133400200601806,persistent_temporal_union_edges_v1,0.0091073219658976932,8,NOT_ISSUED,False,0.80000000000000004,60,30
PROPOSAL ONLY — NOT FROZEN — DO NOT SIMULATE,AUGV1-D015,15,train,resilient_core,1,1143.1293881644935,17,48,10,2000-01-01T12:00:00+00:00,11,0.80000000000000004,0.037813440320962892,89.956870611835512,grid_fixed,1,10000,7,10,REQUIRES_PRE_FREEZE_CLUSTER_AUDIT,6,sgp4,1,NOT_FROZEN,5,AUGV1-D015-R00..R04,0.041875626880641927,persistent_temporal_union_edges_v1,0.020381143430290873,8,NOT_ISSUED,False,0.80000000000000004,60,35
PROPOSAL ONLY — NOT FROZEN — DO NOT SIMULATE,AUGV1-D016,16,train,resilient_core,1,1008.3249749247743,4,48,10,2000-01-01T12:00:00+00:00,8,0.80000000000000004,0.0089267803410230696,70.89167502507523,grid_fixed,1,10000,8,10,REQUIRES_PRE_FREEZE_CLUSTER_AUDIT,6,sgp4,1,NOT_FROZEN,5,AUGV1-D016-R00..R04,0.02261785356068205,persistent_temporal_union_edges_v1,0.03165496489468405,8,NOT_ISSUED,False,0.80000000000000004,60,20
PROPOSAL ONLY — NOT FROZEN — DO NOT SIMULATE,AUGV1-D017,17,train,resilient_core,1,873.52056168505521,10,48,10,2000-01-01T12:00:00+00:00,5,0.80000000000000004,0.03004012036108325,84.826479438314948,grid_fixed,1,10000,10,10,REQUIRES_PRE_FREEZE_CLUSTER_AUDIT,6,sgp4,1,NOT_FROZEN,5,AUGV1-D017-R00..R04,0.0033600802407221667,persistent_temporal_union_edges_v1,0.002928786359077232,8,NOT_ISSUED,False,0.80000000000000004,60,25
PROPOSAL ONLY — NOT FROZEN — DO NOT SIMULATE,AUGV1-D018,18,train,resilient_core,1,1088.7161484453361,12,48,10,2000-01-01T12:00:00+00:00,9,0.80000000000000004,0.0011534603811434302,65.761283851554666,grid_fixed,1,10000,9,10,REQUIRES_PRE_FREEZE_CLUSTER_AUDIT,6,sgp4,1,NOT_FROZEN,5,AUGV1-D018-R00..R04,0.034102306920762292,persistent_temporal_union_edges_v1,0.014202607823470412,8,NOT_ISSUED,False,0.80000000000000004,60,30
PROPOSAL ONLY — NOT FROZEN — DO NOT SIMULATE,AUGV1-D019,19,train,resilient_core,1,953.91173520561688,10,48,10,2000-01-01T12:00:00+00:00,14,0.80000000000000004,0.022266800401203612,79.696088264794383,grid_fixed,1,10000,11,10,REQUIRES_PRE_FREEZE_CLUSTER_AUDIT,6,sgp4,1,NOT_FROZEN,5,AUGV1-D019-R00..R04,0.014844533600802408,persistent_temporal_union_edges_v1,0.025476429287863592,8,NOT_ISSUED,False,0.80000000000000004,60,35
PROPOSAL ONLY — NOT FROZEN — DO NOT SIMULATE,AUGV1-D020,20,train,resilient_core,1,1169.1073219658977,6,48,10,2000-01-01T12:00:00+00:00,6,0.80000000000000004,0.043380140421263792,93.630892678034101,grid_fixed,1,10000,8,10,REQUIRES_PRE_FREEZE_CLUSTER_AUDIT,6,sgp4,1,NOT_FROZEN,5,AUGV1-D020-R00..R04,0.045586760280842527,persistent_temporal_union_edges_v1,0.036750250752256769,8,NOT_ISSUED,False,0.80000000000000004,60,20
PROPOSAL ONLY — NOT FROZEN — DO NOT SIMULATE,AUGV1-D021,21,train,resilient_core,1,1034.3029087261784,13,48,10,2000-01-01T12:00:00+00:00,7,0.80000000000000004,0.014493480441323973,74.565697091273819,grid_fixed,1,10000,5,10,REQUIRES_PRE_FREEZE_CLUSTER_AUDIT,6,sgp4,1,NOT_FROZEN,5,AUGV1-D021-R00..R04,0.02632898696088265,persistent_temporal_union_edges_v1,0.0080240722166499499,8,NOT_ISSUED,False,0.80000000000000004,60,25
PROPOSAL ONLY — NOT FROZEN — DO NOT SIMULATE,AUGV1-D022,22,train,resilient_core,1,899.49849548645943,6,48,10,2000-01-01T12:00:00+00:00,12,0.80000000000000004,0.035606820461384157,88.500501504513537,grid_fixed,1,10000,12,10,REQUIRES_PRE_FREEZE_CLUSTER_AUDIT,6,sgp4,1,NOT_FROZEN,5,AUGV1-D022-R00..R04,0.0070712136409227695,persistent_temporal_union_edges_v1,0.019297893681043132,8,NOT_ISSUED,False,0.80000000000000004,60,30
PROPOSAL ONLY — NOT FROZEN — DO NOT SIMULATE,AUGV1-D023,23,train,resilient_core,1,1114.6940822467402,14,48,10,2000-01-01T12:00:00+00:00,7,0.80000000000000004,0.0067201604814443334,69.435305917753254,grid_fixed,1,10000,14,10,REQUIRES_PRE_FREEZE_CLUSTER_AUDIT,6,sgp4,1,NOT_FROZEN,5,AUGV1-D023-R00..R04,0.037813440320962892,persistent_temporal_union_edges_v1,0.030571715145436308,8,NOT_ISSUED,False,0.80000000000000004,60,35
PROPOSAL ONLY — NOT FROZEN — DO NOT SIMULATE,AUGV1-D024,24,validation,resilient_core,1,979.8896690070211,8,48,10,2000-01-01T12:00:00+00:00,6,0.80000000000000004,0.027833500501504516,83.370110330992986,grid_fixed,1,10000,6,10,REQUIRES_PRE_FREEZE_CLUSTER_AUDIT,6,sgp4,1,NOT_FROZEN,5,AUGV1-D024-R00..R04,0.018555667001003012,persistent_temporal_union_edges_v1,0.0018455366098294884,8,NOT_ISSUED,False,0.80000000000000004,60,20
PROPOSAL ONLY — NOT FROZEN — DO NOT SIMULATE,AUGV1-D025,25,validation,resilient_core,1,1195.085255767302,7,48,10,2000-01-01T12:00:00+00:00,11,0.80000000000000004,0.0489468405215647,97.30491474423269,grid_fixed,1,10000,7,10,REQUIRES_PRE_FREEZE_CLUSTER_AUDIT,6,sgp4,1,NOT_FROZEN,5,AUGV1-D025-R00..R04,0.049297893681043134,persistent_temporal_union_edges_v1,0.013119358074222669,8,NOT_ISSUED,False,0.80000000000000004,60,25
PROPOSAL ONLY — NOT FROZEN — DO NOT SIMULATE,AUGV1-D026,26,validation,resilient_core,1,1060.2808425275828,9,48,10,2000-01-01T12:00:00+00:00,9,0.80000000000000004,0.020060180541624877,78.239719157472422,grid_fixed,1,10000,12,10,REQUIRES_PRE_FREEZE_CLUSTER_AUDIT,6,sgp4,1,NOT_FROZEN,5,AUGV1-D026-R00..R04,0.03004012036108325,persistent_temporal_union_edges_v1,0.024393179538615847,8,NOT_ISSUED,False,0.80000000000000004,60,30
PROPOSAL ONLY — NOT FROZEN — DO NOT SIMULATE,AUGV1-D027,27,validation,resilient_core,1,925.47642928786354,17,48,10,2000-01-01T12:00:00+00:00,11,0.80000000000000004,0.041173520561685058,92.17452357071214,grid_fixed,1,10000,7,10,REQUIRES_PRE_FREEZE_CLUSTER_AUDIT,6,sgp4,1,NOT_FROZEN,5,AUGV1-D027-R00..R04,0.010782347041123371,persistent_temporal_union_edges_v1,0.035667001003009027,8,NOT_ISSUED,False,0.80000000000000004,60,35
PROPOSAL ONLY — NOT FROZEN — DO NOT SIMULATE,AUGV1-D028,28,validation,resilient_core,1,1140.6720160481445,4,48,10,2000-01-01T12:00:00+00:00,8,0.80000000000000004,0.012286860581745237,73.109327983951857,grid_fixed,1,10000,8,10,REQUIRES_PRE_FREEZE_CLUSTER_AUDIT,6,sgp4,1,NOT_FROZEN,5,AUGV1-D028-R00..R04,0.041524573721163492,persistent_temporal_union_edges_v1,0.0069408224674022065,8,NOT_ISSUED,False,0.80000000000000004,60,20
PROPOSAL ONLY — NOT FROZEN — DO NOT SIMULATE,AUGV1-D029,29,validation,resilient_core,1,1005.8676028084253,10,48,10,2000-01-01T12:00:00+00:00,5,0.80000000000000004,0.033400200601805423,87.044132397191575,grid_fixed,1,10000,10,10,REQUIRES_PRE_FREEZE_CLUSTER_AUDIT,6,sgp4,1,NOT_FROZEN,5,AUGV1-D029-R00..R04,0.022266800401203612,persistent_temporal_union_edges_v1,0.018214643931795386,8,NOT_ISSUED,False,0.80000000000000004,60,25
PROPOSAL ONLY — NOT FROZEN — DO NOT SIMULATE,AUGV1-D030,30,test,resilient_core,1,871.06318956870609,12,48,10,2000-01-01T12:00:00+00:00,9,0.80000000000000004,0.0045135406218655971,67.978936810431293,grid_fixed,1,10000,9,10,REQUIRES_PRE_FREEZE_CLUSTER_AUDIT,6,sgp4,1,NOT_FROZEN,5,AUGV1-D030-R00..R04,0.0030090270812437314,persistent_temporal_union_edges_v1,0.02948846539618857,8,NOT_ISSUED,False,0.80000000000000004,60,30
PROPOSAL ONLY — NOT FROZEN — DO NOT SIMULATE,AUGV1-D031,31,test,resilient_core,1,1086.2587763289869,10,48,10,2000-01-01T12:00:00+00:00,14,0.80000000000000004,0.025626880641925778,81.913741223671011,grid_fixed,1,10000,11,10,REQUIRES_PRE_FREEZE_CLUSTER_AUDIT,6,sgp4,1,NOT_FROZEN,5,AUGV1-D031-R00..R04,0.03375125376128385,persistent_temporal_union_edges_v1,0.00076228686058174523,8,NOT_ISSUED,False,0.80000000000000004,60,35
PROPOSAL ONLY — NOT FROZEN — DO NOT SIMULATE,AUGV1-D032,32,test,resilient_core,1,951.45436308926776,6,48,10,2000-01-01T12:00:00+00:00,6,0.80000000000000004,0.046740220661985965,95.848545636910728,grid_fixed,1,10000,8,10,REQUIRES_PRE_FREEZE_CLUSTER_AUDIT,6,sgp4,1,NOT_FROZEN,5,AUGV1-D032-R00..R04,0.014493480441323973,persistent_temporal_union_edges_v1,0.012036108324974926,8,NOT_ISSUED,False,0.80000000000000004,60,20
PROPOSAL ONLY — NOT FROZEN — DO NOT SIMULATE,AUGV1-D033,33,test,resilient_core,1,1166.6499498495486,13,48,10,2000-01-01T12:00:00+00:00,7,0.80000000000000004,0.017853560682046139,76.783350050150446,grid_fixed,1,10000,5,10,REQUIRES_PRE_FREEZE_CLUSTER_AUDIT,6,sgp4,1,NOT_FROZEN,5,AUGV1-D033-R00..R04,0.045235707121364099,persistent_temporal_union_edges_v1,0.023309929789368106,8,NOT_ISSUED,False,0.80000000000000004,60,25
PROPOSAL ONLY — NOT FROZEN — DO NOT SIMULATE,AUGV1-D034,34,test,resilient_core,1,1031.8455366098294,6,48,10,2000-01-01T12:00:00+00:00,12,0.80000000000000004,0.038966900702106316,90.718154463390164,grid_fixed,1,10000,12,10,REQUIRES_PRE_FREEZE_CLUSTER_AUDIT,6,sgp4,1,NOT_FROZEN,5,AUGV1-D034-R00..R04,0.025977933801404215,persistent_temporal_union_edges_v1,0.034583751253761286,8,NOT_ISSUED,False,0.80000000000000004,60,30
PROPOSAL ONLY — NOT FROZEN — DO NOT SIMULATE,AUGV1-D035,35,test,resilient_core,1,897.04112337011031,14,48,10,2000-01-01T12:00:00+00:00,7,0.80000000000000004,0.010080240722166499,71.652958876629896,grid_fixed,1,10000,14,10,REQUIRES_PRE_FREEZE_CLUSTER_AUDIT,6,sgp4,1,NOT_FROZEN,5,AUGV1-D035-R00..R04,0.0067201604814443334,persistent_temporal_union_edges_v1,0.005857572718154464,8,NOT_ISSUED,False,0.80000000000000004,60,35
PROPOSAL ONLY — NOT FROZEN — DO NOT SIMULATE,AUGV1-D036,36,train,boundary,1,912.2367101303912,6,35,10,2000-01-01T12:00:00+00:00,4,0.80000000000000004,0.10486459378134402,71.835506519558677,grid_fixed,1,10000,5,10,REQUIRES_PRE_FREEZE_CLUSTER_AUDIT,5,sgp4,1,NOT_FROZEN,5,AUGV1-D036-R00..R04,0.097432296890672024,persistent_temporal_union_edges_v1,0.059979939819458379,7,NOT_ISSUED,False,0.80000000000000004,60,15
PROPOSAL ONLY — NOT FROZEN — DO NOT SIMULATE,AUGV1-D037,37,train,boundary,1,777.43229689067198,6,42,10,2000-01-01T12:00:00+00:00,8,0.80000000000000004,0.035536609829488461,51.614844533600802,grid_fixed,1,10000,6,10,REQUIRES_PRE_FREEZE_CLUSTER_AUDIT,6,sgp4,1,NOT_FROZEN,5,AUGV1-D037-R00..R04,0.062768304914744236,persistent_temporal_union_edges_v1,0.079709127382146444,7,NOT_ISSUED,False,0.80000000000000004,60,20
PROPOSAL ONLY — NOT FROZEN — DO NOT SIMULATE,AUGV1-D038,38,train,boundary,1,992.62788365095287,7,40,10,2000-01-01T12:00:00+00:00,7,0.80000000000000004,0.086208625877632894,66.394182547642927,grid_fixed,1,10000,11,10,REQUIRES_PRE_FREEZE_CLUSTER_AUDIT,5,sgp4,1,NOT_FROZEN,5,AUGV1-D038-R00..R04,0.11810431293881644,persistent_temporal_union_edges_v1,0.099438314944834516,8,NOT_ISSUED,False,0.80000000000000004,60,25
PROPOSAL ONLY — NOT FROZEN — DO NOT SIMULATE,AUGV1-D039,39,train,boundary,1,857.82347041123376,15,48,10,2000-01-01T12:00:00+00:00,9,0.80000000000000004,0.13688064192577731,81.173520561685052,grid_fixed,1,10000,6,10,REQUIRES_PRE_FREEZE_CLUSTER_AUDIT,6,sgp4,1,NOT_FROZEN,5,AUGV1-D039-R00..R04,0.08344032096288867,persistent_temporal_union_edges_v1,0.049167502507522567,8,NOT_ISSUED,False,0.80000000000000004,60,30
PROPOSAL ONLY — NOT FROZEN — DO NOT SIMULATE,AUGV1-D040,40,train,boundary,1,723.01905717151453,7,35,10,2000-01-01T12:00:00+00:00,14,0.80000000000000004,0.067552657973921765,60.952858575727184,grid_fixed,1,10000,14,10,REQUIRES_PRE_FREEZE_CLUSTER_AUDIT,5,sgp4,1,NOT_FROZEN,5,AUGV1-D040-R00..R04,0.048776328986960882,persistent_temporal_union_edges_v1,0.068896690070210626,7,NOT_ISSUED,False,0.80000000000000004,60,35
PROPOSAL ONLY — NOT FROZEN — DO NOT SIMULATE,AUGV1-D041,41,train,boundary,1,938.21464393179542,6,42,10,2000-01-01T12:00:00+00:00,3,0.80000000000000004,0.1182246740220662,75.732196589769302,grid_fixed,1,10000,6,10,REQUIRES_PRE_FREEZE_CLUSTER_AUDIT,6,sgp4,1,NOT_FROZEN,5,AUGV1-D041-R00..R04,0.1041123370110331,persistent_temporal_union_edges_v1,0.088625877632898697,7,NOT_ISSUED,False,0.80000000000000004,60,15
PROPOSAL ONLY — NOT FROZEN — DO NOT SIMULATE,AUGV1-D042,42,train,boundary,1,803.4102306920762,8,40,10,2000-01-01T12:00:00+00:00,6,0.80000000000000004,0.048896690070210629,55.511534603811434,grid_fixed,1,10000,6,10,REQUIRES_PRE_FREEZE_CLUSTER_AUDIT,5,sgp4,1,NOT_FROZEN,5,AUGV1-D042-R00..R04,0.069448345035105316,persistent_temporal_union_edges_v1,0.038355065195586763,8,NOT_ISSUED,False,0.80000000000000004,60,20
PROPOSAL ONLY — NOT FROZEN — DO NOT SIMULATE,AUGV1-D043,43,train,boundary,1,668.60581745235709,7,48,10,2000-01-01T12:00:00+00:00,11,0.80000000000000004,0.099568706118355069,70.290872617853566,grid_fixed,1,10000,7,10,REQUIRES_PRE_FREEZE_CLUSTER_AUDIT,6,sgp4,1,NOT_FROZEN,5,AUGV1-D043-R00..R04,0.034784353059177528,persistent_temporal_union_edges_v1,0.058084252758274828,8,NOT_ISSUED,False,0.80000000000000004,60,25
PROPOSAL ONLY — NOT FROZEN — DO NOT SIMULATE,AUGV1-D044,44,train,boundary,1,883.80140421263786,9,35,10,2000-01-01T12:00:00+00:00,9,0.80000000000000004,0.030240722166499496,50.070210631895684,grid_fixed,1,10000,12,10,REQUIRES_PRE_FREEZE_CLUSTER_AUDIT,5,sgp4,1,NOT_FROZEN,5,AUGV1-D044-R00..R04,0.09012036108324975,persistent_temporal_union_edges_v1,0.077813440320962893,7,NOT_ISSUED,False,0.80000000000000004,60,30
PROPOSAL ONLY — NOT FROZEN — DO NOT SIMULATE,AUGV1-D045,45,train,boundary,1,748.99699097291875,17,42,10,2000-01-01T12:00:00+00:00,11,0.80000000000000004,0.080912738214643926,64.849548645937816,grid_fixed,1,10000,7,10,REQUIRES_PRE_FREEZE_CLUSTER_AUDIT,6,sgp4,1,NOT_FROZEN,5,AUGV1-D045-R00..R04,0.055456369107321962,persistent_temporal_union_edges_v1,0.097542627883650965,7,NOT_ISSUED,False,0.80000000000000004,60,35
PROPOSAL ONLY — NOT FROZEN — DO NOT SIMULATE,AUGV1-D046,46,train,boundary,1,964.19257773319964,3,40,10,2000-01-01T12:00:00+00:00,6,0.80000000000000004,0.13158475426278837,79.628886659979941,grid_fixed,1,10000,6,10,REQUIRES_PRE_FREEZE_CLUSTER_AUDIT,5,sgp4,1,NOT_FROZEN,5,AUGV1-D046-R00..R04,0.11079237713139418,persistent_temporal_union_edges_v1,0.047271815446339016,8,NOT_ISSUED,False,0.80000000000000004,60,15
PROPOSAL ONLY — NOT FROZEN — DO NOT SIMULATE,AUGV1-D047,47,train,boundary,1,829.38816449348042,8,48,10,2000-01-01T12:00:00+00:00,4,0.80000000000000004,0.062256770310932796,59.408224674022065,grid_fixed,1,10000,8,10,REQUIRES_PRE_FREEZE_CLUSTER_AUDIT,6,sgp4,1,NOT_FROZEN,5,AUGV1-D047-R00..R04,0.076128385155466397,persistent_temporal_union_edges_v1,0.067001003009027088,8,NOT_ISSUED,False,0.80000000000000004,60,20
PROPOSAL ONLY — NOT FROZEN — DO NOT SIMULATE,AUGV1-D048,48,train,boundary,1,694.58375125376131,11,35,10,2000-01-01T12:00:00+00:00,7,0.80000000000000004,0.11292878635907723,74.18756268806419,grid_fixed,1,10000,7,10,REQUIRES_PRE_FREEZE_CLUSTER_AUDIT,5,sgp4,1,NOT_FROZEN,5,AUGV1-D048-R00..R04,0.041464393179538615,persistent_temporal_union_edges_v1,0.086730190571715146,7,NOT_ISSUED,False,0.80000000000000004,60,25
PROPOSAL ONLY — NOT FROZEN — DO NOT SIMULATE,AUGV1-D049,49,train,boundary,1,909.7793380140422,9,42,10,2000-01-01T12:00:00+00:00,12,0.80000000000000004,0.043600802407221667,53.966900702106315,grid_fixed,1,10000,9,10,REQUIRES_PRE_FREEZE_CLUSTER_AUDIT,6,sgp4,1,NOT_FROZEN,5,AUGV1-D049-R00..R04,0.096800401203610831,persistent_temporal_union_edges_v1,0.036459378134403211,7,NOT_ISSUED,False,0.80000000000000004,60,30
PROPOSAL ONLY — NOT FROZEN — DO NOT SIMULATE,AUGV1-D050,50,train,boundary,1,774.97492477432297,11,40,10,2000-01-01T12:00:00+00:00,10,0.80000000000000004,0.0942728184553661,68.74623871614844,grid_fixed,1,10000,14,10,REQUIRES_PRE_FREEZE_CLUSTER_AUDIT,5,sgp4,1,NOT_FROZEN,5,AUGV1-D050-R00..R04,0.062136409227683043,persistent_temporal_union_edges_v1,0.056188565697091276,8,NOT_ISSUED,False,0.80000000000000004,60,35
PROPOSAL ONLY — NOT FROZEN — DO NOT SIMULATE,AUGV1-D051,51,train,boundary,1,990.17051153460375,7,48,10,2000-01-01T12:00:00+00:00,4,0.80000000000000004,0.14494483450351053,83.525576730190579,grid_fixed,1,10000,4,10,REQUIRES_PRE_FREEZE_CLUSTER_AUDIT,6,sgp4,1,NOT_FROZEN,5,AUGV1-D051-R00..R04,0.11747241725175525,persistent_temporal_union_edges_v1,0.075917753259779341,8,NOT_ISSUED,False,0.80000000000000004,60,15
PROPOSAL ONLY — NOT FROZEN — DO NOT SIMULATE,AUGV1-D052,52,train,boundary,1,855.36609829488464,4,35,10,2000-01-01T12:00:00+00:00,8,0.80000000000000004,0.075616850551654957,63.304914744232697,grid_fixed,1,10000,8,10,REQUIRES_PRE_FREEZE_CLUSTER_AUDIT,5,sgp4,1,NOT_FROZEN,5,AUGV1-D052-R00..R04,0.082808425275827491,persistent_temporal_union_edges_v1,0.095646940822467413,7,NOT_ISSUED,False,0.80000000000000004,60,20
PROPOSAL ONLY — NOT FROZEN — DO NOT SIMULATE,AUGV1-D053,53,train,boundary,1,720.56168505516553,10,42,10,2000-01-01T12:00:00+00:00,5,0.80000000000000004,0.12628886659979938,78.084252758274829,grid_fixed,1,10000,10,10,REQUIRES_PRE_FREEZE_CLUSTER_AUDIT,6,sgp4,1,NOT_FROZEN,5,AUGV1-D053-R00..R04,0.048144433299899696,persistent_temporal_union_edges_v1,0.045376128385155465,7,NOT_ISSUED,False,0.80000000000000004,60,25
PROPOSAL ONLY — NOT FROZEN — DO NOT SIMULATE,AUGV1-D054,54,train,boundary,1,935.7572718154463,12,40,10,2000-01-01T12:00:00+00:00,9,0.80000000000000004,0.056960882647943828,57.863590772316954,grid_fixed,1,10000,9,10,REQUIRES_PRE_FREEZE_CLUSTER_AUDIT,5,sgp4,1,NOT_FROZEN,5,AUGV1-D054-R00..R04,0.10348044132397191,persistent_temporal_union_edges_v1,0.065105315947843523,8,NOT_ISSUED,False,0.80000000000000004,60,30
PROPOSAL ONLY — NOT FROZEN — DO NOT SIMULATE,AUGV1-D055,55,train,boundary,1,800.95285857572719,10,48,10,2000-01-01T12:00:00+00:00,14,0.80000000000000004,0.10763289869608826,72.642928786359079,grid_fixed,1,10000,11,10,REQUIRES_PRE_FREEZE_CLUSTER_AUDIT,6,sgp4,1,NOT_FROZEN,5,AUGV1-D055-R00..R04,0.068816449348044123,persistent_temporal_union_edges_v1,0.084834503510531595,8,NOT_ISSUED,False,0.80000000000000004,60,35
PROPOSAL ONLY — NOT FROZEN — DO NOT SIMULATE,AUGV1-D056,56,train,boundary,1,666.14844533600808,4,35,10,2000-01-01T12:00:00+00:00,5,0.80000000000000004,0.038304914744232699,52.422266800401204,grid_fixed,1,10000,6,10,REQUIRES_PRE_FREEZE_CLUSTER_AUDIT,5,sgp4,1,NOT_FROZEN,5,AUGV1-D056-R00..R04,0.034152457372116349,persistent_temporal_union_edges_v1,0.03456369107321966,7,NOT_ISSUED,False,0.80000000000000004,60,15
PROPOSAL ONLY — NOT FROZEN — DO NOT SIMULATE,AUGV1-D057,57,train,boundary,1,881.34403209628886,10,42,10,2000-01-01T12:00:00+00:00,6,0.80000000000000004,0.088976930792377132,67.201604814443328,grid_fixed,1,10000,4,10,REQUIRES_PRE_FREEZE_CLUSTER_AUDIT,6,sgp4,1,NOT_FROZEN,5,AUGV1-D057-R00..R04,0.089488465396188571,persistent_temporal_union_edges_v1,0.054292878635907725,7,NOT_ISSUED,False,0.80000000000000004,60,20
PROPOSAL ONLY — NOT FROZEN — DO NOT SIMULATE,AUGV1-D058,58,train,boundary,1,746.53961885656975,5,40,10,2000-01-01T12:00:00+00:00,10,0.80000000000000004,0.13964894684052157,81.980942828485453,grid_fixed,1,10000,10,10,REQUIRES_PRE_FREEZE_CLUSTER_AUDIT,5,sgp4,1,NOT_FROZEN,5,AUGV1-D058-R00..R04,0.054824473420260783,persistent_temporal_union_edges_v1,0.074022066198595804,8,NOT_ISSUED,False,0.80000000000000004,60,25
PROPOSAL ONLY — NOT FROZEN — DO NOT SIMULATE,AUGV1-D059,59,train,boundary,1,961.73520561685052,12,48,10,2000-01-01T12:00:00+00:00,6,0.80000000000000004,0.070320962888665989,61.760280842527578,grid_fixed,1,10000,12,10,REQUIRES_PRE_FREEZE_CLUSTER_AUDIT,6,sgp4,1,NOT_FROZEN,5,AUGV1-D059-R00..R04,0.11016048144433299,persistent_temporal_union_edges_v1,0.093751253761283862,8,NOT_ISSUED,False,0.80000000000000004,60,30
PROPOSAL ONLY — NOT FROZEN — DO NOT SIMULATE,AUGV1-D060,60,validation,boundary,1,826.93079237713141,14,35,10,2000-01-01T12:00:00+00:00,11,0.80000000000000004,0.12099297893681042,76.539618856569703,grid_fixed,1,10000,10,10,REQUIRES_PRE_FREEZE_CLUSTER_AUDIT,5,sgp4,1,NOT_FROZEN,5,AUGV1-D060-R00..R04,0.075496489468405217,persistent_temporal_union_edges_v1,0.043480441323971913,7,NOT_ISSUED,False,0.80000000000000004,60,35
PROPOSAL ONLY — NOT FROZEN — DO NOT SIMULATE,AUGV1-D061,61,validation,boundary,1,692.12637913741219,5,42,10,2000-01-01T12:00:00+00:00,6,0.80000000000000004,0.05166499498495486,56.318956870611835,grid_fixed,1,10000,4,10,REQUIRES_PRE_FREEZE_CLUSTER_AUDIT,6,sgp4,1,NOT_FROZEN,5,AUGV1-D061-R00..R04,0.040832497492477429,persistent_temporal_union_edges_v1,0.063209628886659985,7,NOT_ISSUED,False,0.80000000000000004,60,15
PROPOSAL ONLY — NOT FROZEN — DO NOT SIMULATE,AUGV1-D062,62,validation,boundary,1,907.32196589769308,6,40,10,2000-01-01T12:00:00+00:00,6,0.80000000000000004,0.10233701103309929,71.098294884653967,grid_fixed,1,10000,8,10,REQUIRES_PRE_FREEZE_CLUSTER_AUDIT,5,sgp4,1,NOT_FROZEN,5,AUGV1-D062-R00..R04,0.096168505516549638,persistent_temporal_union_edges_v1,0.082938816449348043,8,NOT_ISSUED,False,0.80000000000000004,60,20
PROPOSAL ONLY — NOT FROZEN — DO NOT SIMULATE,AUGV1-D063,63,validation,boundary,1,772.51755265797397,13,48,10,2000-01-01T12:00:00+00:00,7,0.80000000000000004,0.03300902708124373,50.877632898696085,grid_fixed,1,10000,5,10,REQUIRES_PRE_FREEZE_CLUSTER_AUDIT,6,sgp4,1,NOT_FROZEN,5,AUGV1-D063-R00..R04,0.061504513540621863,persistent_temporal_union_edges_v1,0.032668004012036109,8,NOT_ISSUED,False,0.80000000000000004,60,25
PROPOSAL ONLY — NOT FROZEN — DO NOT SIMULATE,AUGV1-D064,64,validation,boundary,1,987.71313941825474,6,35,10,2000-01-01T12:00:00+00:00,12,0.80000000000000004,0.083681043129388163,65.656970912738217,grid_fixed,1,10000,12,10,REQUIRES_PRE_FREEZE_CLUSTER_AUDIT,5,sgp4,1,NOT_FROZEN,5,AUGV1-D064-R00..R04,0.11684052156469409,persistent_temporal_union_edges_v1,0.052397191574724174,7,NOT_ISSUED,False,0.80000000000000004,60,30
PROPOSAL ONLY — NOT FROZEN — DO NOT SIMULATE,AUGV1-D065,65,validation,boundary,1,852.90872617853563,14,42,10,2000-01-01T12:00:00+00:00,7,0.80000000000000004,0.1343530591775326,80.436308926780342,grid_fixed,1,10000,14,10,REQUIRES_PRE_FREEZE_CLUSTER_AUDIT,6,sgp4,1,NOT_FROZEN,5,AUGV1-D065-R00..R04,0.082176529588766298,persistent_temporal_union_edges_v1,0.072126379137412239,7,NOT_ISSUED,False,0.80000000000000004,60,35
PROPOSAL ONLY — NOT FROZEN — DO NOT SIMULATE,AUGV1-D066,66,test,boundary,1,718.10431293881641,6,40,10,2000-01-01T12:00:00+00:00,4,0.80000000000000004,0.065025075225677034,60.215646940822467,grid_fixed,1,10000,5,10,REQUIRES_PRE_FREEZE_CLUSTER_AUDIT,5,sgp4,1,NOT_FROZEN,5,AUGV1-D066-R00..R04,0.04751253761283851,persistent_temporal_union_edges_v1,0.091855566700100311,8,NOT_ISSUED,False,0.80000000000000004,60,15
PROPOSAL ONLY — NOT FROZEN — DO NOT SIMULATE,AUGV1-D067,67,test,boundary,1,933.2998996990973,6,48,10,2000-01-01T12:00:00+00:00,8,0.80000000000000004,0.11569709127382145,74.994984954864591,grid_fixed,1,10000,6,10,REQUIRES_PRE_FREEZE_CLUSTER_AUDIT,6,sgp4,1,NOT_FROZEN,5,AUGV1-D067-R00..R04,0.10284854563691072,persistent_temporal_union_edges_v1,0.041584754262788362,8,NOT_ISSUED,False,0.80000000000000004,60,20
PROPOSAL ONLY — NOT FROZEN — DO NOT SIMULATE,AUGV1-D068,68,test,boundary,1,798.49548645937807,7,35,10,2000-01-01T12:00:00+00:00,7,0.80000000000000004,0.046369107321965891,54.774322968906716,grid_fixed,1,10000,11,10,REQUIRES_PRE_FREEZE_CLUSTER_AUDIT,5,sgp4,1,NOT_FROZEN,5,AUGV1-D068-R00..R04,0.068184553660982944,persistent_temporal_union_edges_v1,0.061313941825476434,7,NOT_ISSUED,False,0.80000000000000004,60,25
PROPOSAL ONLY — NOT FROZEN — DO NOT SIMULATE,AUGV1-D069,69,test,boundary,1,663.69107321965896,15,42,10,2000-01-01T12:00:00+00:00,9,0.80000000000000004,0.097041123370110324,69.553660982948855,grid_fixed,1,10000,6,10,REQUIRES_PRE_FREEZE_CLUSTER_AUDIT,6,sgp4,1,NOT_FROZEN,5,AUGV1-D069-R00..R04,0.033520561685055163,persistent_temporal_union_edges_v1,0.081043129388164492,7,NOT_ISSUED,False,0.80000000000000004,60,30
PROPOSAL ONLY — NOT FROZEN — DO NOT SIMULATE,AUGV1-D070,70,test,boundary,1,878.88665997993985,7,40,10,2000-01-01T12:00:00+00:00,14,0.80000000000000004,0.14771313941825476,84.332998996990966,grid_fixed,1,10000,14,10,REQUIRES_PRE_FREEZE_CLUSTER_AUDIT,5,sgp4,1,NOT_FROZEN,5,AUGV1-D070-R00..R04,0.088856569709127378,persistent_temporal_union_edges_v1,0.030772316950852557,8,NOT_ISSUED,False,0.80000000000000004,60,35
PROPOSAL ONLY — NOT FROZEN — DO NOT SIMULATE,AUGV1-D071,71,test,boundary,1,744.08224674022063,6,48,10,2000-01-01T12:00:00+00:00,3,0.80000000000000004,0.078385155466399195,64.112337011033105,grid_fixed,1,10000,6,10,REQUIRES_PRE_FREEZE_CLUSTER_AUDIT,6,sgp4,1,NOT_FROZEN,5,AUGV1-D071-R00..R04,0.054192577733199597,persistent_temporal_union_edges_v1,0.050501504513540622,8,NOT_ISSUED,False,0.80000000000000004,60,15
PROPOSAL ONLY — NOT FROZEN — DO NOT SIMULATE,AUGV1-D072,72,train,global_control,1,1095.2858575727182,2,20,10,2000-01-01T12:00:00+00:00,2,0.80000000000000004,0.33019057171514543,86.132397191574725,grid_fixed,1,10000,2,10,REQUIRES_PRE_FREEZE_CLUSTER_AUDIT,4,sgp4,1,NOT_FROZEN,5,AUGV1-D072-R00..R04,0.22091273821464394,persistent_temporal_union_edges_v1,0.11494483450351055,5,NOT_ISSUED,False,0.80000000000000004,60,6
PROPOSAL ONLY — NOT FROZEN — DO NOT SIMULATE,AUGV1-D073,73,train,global_control,1,748.64593781344024,3,25,10,2000-01-01T12:00:00+00:00,4,0.80000000000000004,0.099097291875626881,46.846539618856568,grid_fixed,1,10000,3,10,REQUIRES_PRE_FREEZE_CLUSTER_AUDIT,5,sgp4,1,NOT_FROZEN,5,AUGV1-D073-R00..R04,0.12462387161484453,persistent_temporal_union_edges_v1,0.17131394182547643,5,NOT_ISSUED,False,0.80000000000000004,60,10
PROPOSAL ONLY — NOT FROZEN — DO NOT SIMULATE,AUGV1-D074,74,train,global_control,1,402.0060180541625,4,30,10,2000-01-01T12:00:00+00:00,5,0.80000000000000004,0.26800401203610835,75.560682046138425,grid_fixed,1,10000,6,10,REQUIRES_PRE_FREEZE_CLUSTER_AUDIT,6,sgp4,1,NOT_FROZEN,5,AUGV1-D074-R00..R04,0.028335005015045135,persistent_temporal_union_edges_v1,0.02768304914744233,5,NOT_ISSUED,False,0.80000000000000004,60,15
PROPOSAL ONLY — NOT FROZEN — DO NOT SIMULATE,AUGV1-D075,75,train,global_control,1,955.36609829488475,10,24,10,2000-01-01T12:00:00+00:00,6,0.80000000000000004,0.036910732196589767,36.27482447342026,grid_fixed,1,10000,4,10,REQUIRES_PRE_FREEZE_CLUSTER_AUDIT,4,sgp4,1,NOT_FROZEN,5,AUGV1-D075-R00..R04,0.18204613841524575,persistent_temporal_union_edges_v1,0.084052156469408223,6,NOT_ISSUED,False,0.80000000000000004,60,20
PROPOSAL ONLY — NOT FROZEN — DO NOT SIMULATE,AUGV1-D076,76,train,global_control,1,608.72617853560678,5,30,10,2000-01-01T12:00:00+00:00,10,0.80000000000000004,0.20581745235707125,64.98896690070211,grid_fixed,1,10000,10,10,REQUIRES_PRE_FREEZE_CLUSTER_AUDIT,5,sgp4,1,NOT_FROZEN,5,AUGV1-D076-R00..R04,0.085757271815446345,persistent_temporal_union_edges_v1,0.14042126379137412,6,NOT_ISSUED,False,0.80000000000000004,60,25
PROPOSAL ONLY — NOT FROZEN — DO NOT SIMULATE,AUGV1-D077,77,train,global_control,1,1162.086258776329,12,36,10,2000-01-01T12:00:00+00:00,6,0.80000000000000004,0.37472417251755269,93.703109327983952,grid_fixed,1,10000,12,10,REQUIRES_PRE_FREEZE_CLUSTER_AUDIT,6,sgp4,1,NOT_FROZEN,5,AUGV1-D077-R00..R04,0.23946840521564694,persistent_temporal_union_edges_v1,0.19679037111334002,6,NOT_ISSUED,False,0.80000000000000004,60,30
PROPOSAL ONLY — NOT FROZEN — DO NOT SIMULATE,AUGV1-D078,78,train,global_control,1,815.44633901705117,14,28,10,2000-01-01T12:00:00+00:00,11,0.80000000000000004,0.14363089267803411,54.417251755265795,grid_fixed,1,10000,10,10,REQUIRES_PRE_FREEZE_CLUSTER_AUDIT,4,sgp4,1,NOT_FROZEN,5,AUGV1-D078-R00..R04,0.14317953861584753,persistent_temporal_union_edges_v1,0.053159478435305919,7,NOT_ISSUED,False,0.80000000000000004,60,35
PROPOSAL ONLY — NOT FROZEN — DO NOT SIMULATE,AUGV1-D079,79,train,global_control,1,468.80641925777331,12,35,10,2000-01-01T12:00:00+00:00,16,0.80000000000000004,0.31253761283851555,83.131394182547638,grid_fixed,1,10000,12,10,REQUIRES_PRE_FREEZE_CLUSTER_AUDIT,5,sgp4,1,NOT_FROZEN,5,AUGV1-D079-R00..R04,0.046890672016048143,persistent_temporal_union_edges_v1,0.10952858575727183,7,NOT_ISSUED,False,0.80000000000000004,60,40
PROPOSAL ONLY — NOT FROZEN — DO NOT SIMULATE,AUGV1-D080,80,train,global_control,1,1022.1664994984955,13,42,10,2000-01-01T12:00:00+00:00,14,0.80000000000000004,0.081444332998997004,43.845536609829487,grid_fixed,1,10000,18,10,REQUIRES_PRE_FREEZE_CLUSTER_AUDIT,6,sgp4,1,NOT_FROZEN,5,AUGV1-D080-R00..R04,0.20060180541624875,persistent_temporal_union_edges_v1,0.16589769307923774,7,NOT_ISSUED,False,0.80000000000000004,60,45
PROPOSAL ONLY — NOT FROZEN — DO NOT SIMULATE,AUGV1-D081,81,train,global_control,1,675.5265797392176,25,32,10,2000-01-01T12:00:00+00:00,15,0.80000000000000004,0.25035105315947848,72.559679037111337,grid_fixed,1,10000,10,10,REQUIRES_PRE_FREEZE_CLUSTER_AUDIT,4,sgp4,1,NOT_FROZEN,5,AUGV1-D081-R00..R04,0.10431293881644935,persistent_temporal_union_edges_v1,0.022266800401203612,8,NOT_ISSUED,False,0.80000000000000004,60,50
PROPOSAL ONLY — NOT FROZEN — DO NOT SIMULATE,AUGV1-D082,82,train,global_control,1,328.88665997993979,2,40,10,2000-01-01T12:00:00+00:00,2,0.80000000000000004,0.01925777331995988,33.27382146439318,grid_fixed,1,10000,2,10,REQUIRES_PRE_FREEZE_CLUSTER_AUDIT,5,sgp4,1,NOT_FROZEN,5,AUGV1-D082-R00..R04,0.0080240722166499499,persistent_temporal_union_edges_v1,0.078635907723169515,8,NOT_ISSUED,False,0.80000000000000004,60,6
PROPOSAL ONLY — NOT FROZEN — DO NOT SIMULATE,AUGV1-D083,83,train,global_control,1,882.24674022066199,4,48,10,2000-01-01T12:00:00+00:00,2,0.80000000000000004,0.18816449348044134,61.987963891675022,grid_fixed,1,10000,4,10,REQUIRES_PRE_FREEZE_CLUSTER_AUDIT,6,sgp4,1,NOT_FROZEN,5,AUGV1-D083-R00..R04,0.16173520561685056,persistent_temporal_union_edges_v1,0.1350050150451354,8,NOT_ISSUED,False,0.80000000000000004,60,10
PROPOSAL ONLY — NOT FROZEN — DO NOT SIMULATE,AUGV1-D084,84,validation,global_control,1,535.60682046138413,6,20,10,2000-01-01T12:00:00+00:00,4,0.80000000000000004,0.35707121364092281,90.702106318956879,grid_fixed,1,10000,5,10,REQUIRES_PRE_FREEZE_CLUSTER_AUDIT,4,sgp4,1,NOT_FROZEN,5,AUGV1-D084-R00..R04,0.065446339017051158,persistent_temporal_union_edges_v1,0.1913741223671013,5,NOT_ISSUED,False,0.80000000000000004,60,15
PROPOSAL ONLY — NOT FROZEN — DO NOT SIMULATE,AUGV1-D085,85,validation,global_control,1,1088.9669007021062,6,25,10,2000-01-01T12:00:00+00:00,8,0.80000000000000004,0.12597793380140421,51.416248746238715,grid_fixed,1,10000,6,10,REQUIRES_PRE_FREEZE_CLUSTER_AUDIT,5,sgp4,1,NOT_FROZEN,5,AUGV1-D085-R00..R04,0.21915747241725175,persistent_temporal_union_edges_v1,0.047743229689067204,5,NOT_ISSUED,False,0.80000000000000004,60,20
PROPOSAL ONLY — NOT FROZEN — DO NOT SIMULATE,AUGV1-D086,86,validation,global_control,1,742.32698094282853,7,30,10,2000-01-01T12:00:00+00:00,7,0.80000000000000004,0.29488465396188568,80.130391173520565,grid_fixed,1,10000,11,10,REQUIRES_PRE_FREEZE_CLUSTER_AUDIT,6,sgp4,1,NOT_FROZEN,5,AUGV1-D086-R00..R04,0.12286860581745236,persistent_temporal_union_edges_v1,0.10411233701103312,5,NOT_ISSUED,False,0.80000000000000004,60,25
PROPOSAL ONLY — NOT FROZEN — DO NOT SIMULATE,AUGV1-D087,87,test,global_control,1,395.68706118355067,15,24,10,2000-01-01T12:00:00+00:00,9,0.80000000000000004,0.063791374122367114,40.844533600802407,grid_fixed,1,10000,6,10,REQUIRES_PRE_FREEZE_CLUSTER_AUDIT,4,sgp4,1,NOT_FROZEN,5,AUGV1-D087-R00..R04,0.02657973921765296,persistent_temporal_union_edges_v1,0.16048144433299902,6,NOT_ISSUED,False,0.80000000000000004,60,30
PROPOSAL ONLY — NOT FROZEN — DO NOT SIMULATE,AUGV1-D088,88,test,global_control,1,949.04714142427281,7,30,10,2000-01-01T12:00:00+00:00,14,0.80000000000000004,0.23269809428284854,69.55867602808425,grid_fixed,1,10000,14,10,REQUIRES_PRE_FREEZE_CLUSTER_AUDIT,5,sgp4,1,NOT_FROZEN,5,AUGV1-D088-R00..R04,0.18029087261785356,persistent_temporal_union_edges_v1,0.016850551654964897,6,NOT_ISSUED,False,0.80000000000000004,60,35
PROPOSAL ONLY — NOT FROZEN — DO NOT SIMULATE,AUGV1-D089,89,test,global_control,1,602.40722166499495,16,36,10,2000-01-01T12:00:00+00:00,8,0.80000000000000004,0.0016048144433299901,30.272818455366099,grid_fixed,1,10000,16,10,REQUIRES_PRE_FREEZE_CLUSTER_AUDIT,6,sgp4,1,NOT_FROZEN,5,AUGV1-D089-R00..R04,0.084002006018054159,persistent_temporal_union_edges_v1,0.073219658976930793,6,NOT_ISSUED,False,0.80000000000000004,60,40
