altitude_km,artifact_bytes,baseline_ground_service_fraction_mean,baseline_ground_service_fraction_min,baseline_overall_service_fraction_mean,baseline_overall_service_fraction_min,civilian_count,configured_satellite_count,design_group_id,design_hash,design_id,dominant_bottleneck,failed_civilian_count,failed_government_count,failed_ground_station_count,failed_military_count,failed_satellite_edge_count,failed_satellite_node_count,failure_adjusted_civilian_service_fraction_mean,failure_adjusted_civilian_service_fraction_min,failure_adjusted_government_service_fraction_mean,failure_adjusted_government_service_fraction_min,failure_adjusted_ground_service_fraction_mean,failure_adjusted_ground_service_fraction_min,failure_adjusted_military_service_fraction_mean,failure_adjusted_military_service_fraction_min,failure_adjusted_overall_service_fraction_mean,failure_adjusted_overall_service_fraction_min,g1_seconds,g2_seconds,g3_seconds,g4_run_summary_hash,g4_seconds,g5_run_summary_hash,g5_seconds,generation_runtime_seconds,generation_status,government_count,ground_bottleneck_timestep_count,ground_design_hash,ground_failure_policy_hash,ground_failure_probability,ground_failure_realization_hash,ground_service_loss_due_to_failures_max,ground_service_loss_due_to_failures_mean,ground_service_policy_hash,ground_threshold_breach_any,ground_threshold_breach_timestep_count,inclination_deg,military_count,operational_ground_station_count,overall_service_loss_due_to_ground_failures_max,overall_service_loss_due_to_ground_failures_mean,overall_threshold_breach_any,overall_threshold_breach_timestep_count,persistence_seconds,pilot_run_summary_schema_version,planes,realization_id,realization_manifest_hash,replay_runtime_seconds,replay_status,run_id,satellite_artifact_hash,satellite_config_hash,satellite_edge_failure_probability,satellite_node_failure_probability,satellite_rollout_seconds,satellites_per_plane,space_bottleneck_timestep_count,space_gcc_fraction_original_mean,space_gcc_fraction_original_min,space_gcc_fraction_surviving_mean,space_gcc_fraction_surviving_min,space_threshold_breach_any,space_threshold_breach_timestep_count,tie_bottleneck_timestep_count,timestep_count,total_generation_seconds,total_ground_station_count,visibility_policy_hash,catalog_hash,satellite_rollout_seed,ground_station_selection_seed,ground_failure_seed,total_run_seconds
1200.0,4201155,0.9727272727272727,0.95,0.9727272727272727,0.95,8,48,P01,d8253c6de6f4bad04a9d6791c1138cc4b47b234c74bc41242a15b4593b71c53f,P01,ground,0,0,0,0,0,0,0.9318181818181818,0.875,1.0,1.0,0.9727272727272727,0.95,1.0,1.0,0.9727272727272727,0.95,0.0003808000183198601,0.3878664000076242,0.2665049000061117,51c45682ea5d6ef2985401567152559449d459c304cb45284d084ca50e390139,0.5676926999876741,677a19e006257a7db81f1d85fef20a423fb9aa7a4af5f5838c60c9128ac6718a,0.5679286000085995,2.1476020999834873,success,6,6,2bbd67e2766e7d932e8f93b100a2c3e3248f71baa823a21eb6e45bff935f779b,d29cac302069099deb9014e0ec6a0018d039cc42a075587cc604a671c779d6c7,0.0,07f18d3c1a8f8a8693a4f32403ed88fdf5e3d279b77e96b93b517579f408959a,0.0,0.0,e314b9d4123ef84832965b1baadd04a118805f8cab368bd548a3f8f65ae02950,False,0,98.0,6,20,0.0,0.0,False,0,0.16000810003606603,1,6,R01,a21215ae924810f7fac351434dc9756ad4b68f0bd37e8d467e2240e36fa7829d,2.7294110999791883,success,0,b1fa6b41a6e3d0063fd7fd305d0cfe952143f9005a51ae57cc97d1246fd2d1db,92f1b86bfbaa35f446279c7b21a422ca894db76f6de018bb2197b40d9c20efef,0.0,0.0,0.1964025000052061,8,0,1.0,1.0,1.0,1.0,False,0,5,11,2.1476020999834873,20,5dda243a39d13746d4e9d16922318df1774c4cf29a95fbc70677b618a41c45b1,810c64dfb030b042311c90f2f42f8dee866a48fc63a6a29e362ee328c52eaa6e,7354080756714418247,8343673171039191876,783383988117819731,4.877013199962676
1200.0,4136861,0.9227272727272727,0.9,0.9227272727272727,0.9,8,48,P01,d8253c6de6f4bad04a9d6791c1138cc4b47b234c74bc41242a15b4593b71c53f,P01,ground,0,0,0,0,0,0,0.875,0.875,1.0,1.0,0.9227272727272727,0.9,0.9090909090909091,0.8333333333333334,0.9227272727272727,0.9,0.00034059997415170074,0.3630731999874115,0.24751030001789331,58104d84642f8437240577d78e90203eb659abaa66862dc9537f1ec5e8ba29e4,0.5392782000126317,6ab2d401bf27eda58f633e0da81a3652f81ac95a39dc01ac3ba147aab2b64eeb,0.5609765000117477,1.8581015999952797,success,6,11,a49b63b71be47f402dd5497cf6f3f5ed701b0e6361290429c2f6a4b1e964bf1a,d29cac302069099deb9014e0ec6a0018d039cc42a075587cc604a671c779d6c7,0.0,9c3be97d6fed996386e3b4918df8dce4294fe798877e1297366bd6b6c90bc283,0.0,0.0,e314b9d4123ef84832965b1baadd04a118805f8cab368bd548a3f8f65ae02950,False,0,98.0,6,20,0.0,0.0,False,0,0.12936989997979254,1,6,R02,394194ece64c303fc757755e1ffd0205dca6c88b845eb81d1aa12da207bd05c6,2.4222391999792308,success,1,1c31ad0d48b34af296de40967bb401b1c607145a16270fbe8a46c485c691998a,da9f6f837836a24489a33c74b935082da70450e01f4833fe92cac48a071df84e,0.0,0.0,0.016924900002777576,8,0,1.0,1.0,1.0,1.0,False,0,0,11,1.8581015999952797,20,5dda243a39d13746d4e9d16922318df1774c4cf29a95fbc70677b618a41c45b1,810c64dfb030b042311c90f2f42f8dee866a48fc63a6a29e362ee328c52eaa6e,4777198855039929175,8961992421123477142,6230985102763056312,4.2803407999745104
1200.0,4164593,0.9636363636363636,0.9,0.9636363636363636,0.9,8,48,P01,d8253c6de6f4bad04a9d6791c1138cc4b47b234c74bc41242a15b4593b71c53f,P01,ground,0,0,0,0,0,0,0.9886363636363636,0.875,1.0,1.0,0.9636363636363636,0.9,0.893939393939394,0.8333333333333334,0.9636363636363636,0.9,0.00030980000155977905,0.3684853999875486,0.24632170001859777,857cc63b493b362eae83072123d89a214752b9dcd7001b984f589df8e4d975bc,0.5465830999892205,1223405d3ff9af8621dca581d70bb83900d6f59776602c727f7968ce3335a02c,0.5638027999957558,1.873697799979709,success,6,7,ed1eb41a618ca8713a8396b4d41bbdb60a0be57f888b6c50d450eb04c645afd0,d29cac302069099deb9014e0ec6a0018d039cc42a075587cc604a671c779d6c7,0.0,83518e1d7518b1d638cf55deb6fc2784f30ebdb718340b7626f350356307b3bc,0.0,0.0,e314b9d4123ef84832965b1baadd04a118805f8cab368bd548a3f8f65ae02950,False,0,98.0,6,20,0.0,0.0,False,0,0.13075199999730103,1,6,R03,e7a11dcea73fcb7fe8bb9edcff8e4148b8fff5269d8d7652fbcc9d9e806e0536,2.4719313999812584,success,2,89beff0bcac7ffdfa7bb4c3a8b0d1b86cfc45da1da9e79bf075ccdb008a73e58,82ec531683d2a8cf6a8256381ee859079a00d82c74bb394aa18289c79397944f,0.0,0.0,0.016812699992442504,8,0,1.0,1.0,1.0,1.0,False,0,4,11,1.873697799979709,20,5dda243a39d13746d4e9d16922318df1774c4cf29a95fbc70677b618a41c45b1,810c64dfb030b042311c90f2f42f8dee866a48fc63a6a29e362ee328c52eaa6e,3240211185010525755,2396006774214106506,4241583741886679324,4.3456291999609675
1200.0,4154867,0.9590909090909091,0.9,0.9590909090909091,0.9,8,48,P01,d8253c6de6f4bad04a9d6791c1138cc4b47b234c74bc41242a15b4593b71c53f,P01,ground,0,0,0,0,0,0,1.0,1.0,0.9242424242424242,0.8333333333333334,0.9590909090909091,0.9,0.9393939393939394,0.8333333333333334,0.9590909090909091,0.9,0.0003065000055357814,0.3608857999788597,0.24777570000151172,c9f256a50ef846a86f446bac7df9266180341b26a7fd15208fca17979132664b,0.5391269999963697,7333c16cc035aac8bad2f7b3bf40675629bbb604ee14421f6871eacc39e54a81,0.5598733000224456,1.8573689000040758,success,6,7,46531d2a197cc1f8ca20a260c59699e04aa5b0f440f3c5fdcfd3f6f3e5d8e6a9,d29cac302069099deb9014e0ec6a0018d039cc42a075587cc604a671c779d6c7,0.0,24a360ddc9fd7506ead7cc5fd7ebcfc96f3d49422c00b8809abe0653682041f1,0.0,0.0,e314b9d4123ef84832965b1baadd04a118805f8cab368bd548a3f8f65ae02950,False,0,98.0,6,20,0.0,0.0,False,0,0.1321950000419747,1,6,R04,131f9dc4391db8e4d82c404a30d8357e9b7c8511193562da78bb88d2c9245898,2.432979500008514,success,3,8ebd972b839b2a84d58032e4bb0e1580ea5794e87888039a7e02885a8ed82bf9,035806bb5022ecc243778d218606ae5e55ef4b9402a71f21e86938ae1445d3d3,0.0,0.0,0.016609599988441914,8,0,1.0,1.0,1.0,1.0,False,0,4,11,1.8573689000040758,20,5dda243a39d13746d4e9d16922318df1774c4cf29a95fbc70677b618a41c45b1,810c64dfb030b042311c90f2f42f8dee866a48fc63a6a29e362ee328c52eaa6e,1214286523638489501,2332222115779944512,5975332100353110568,4.29034840001259
1200.0,4151177,0.8863636363636364,0.85,0.8863636363636364,0.85,8,48,P01,d8253c6de6f4bad04a9d6791c1138cc4b47b234c74bc41242a15b4593b71c53f,P01,ground,0,0,0,0,0,0,0.875,0.875,0.9696969696969696,0.8333333333333334,0.8863636363636364,0.85,0.8181818181818182,0.6666666666666666,0.8863636363636364,0.85,0.0006360000115819275,0.4240152999991551,0.2472655999881681,ba1c3627eabd33ca7d6ff82a886023046d59990cd41f27a5773869a79497bc57,0.5421030000143219,ad8b6479be675956497bf29953326151b4bf0b5b3ee33ef7e0f4dcc8512513cd,0.5597079999861307,1.9323370000056457,success,6,11,f742662485208471693a519009db046144c9401729985d1ba3553c71512c02d9,d29cac302069099deb9014e0ec6a0018d039cc42a075587cc604a671c779d6c7,0.0,cfc45228440583db86b85102909b7afe6afa3d563610ac558adec2bc09da2b68,0.0,0.0,e314b9d4123ef84832965b1baadd04a118805f8cab368bd548a3f8f65ae02950,False,0,98.0,6,20,0.0,0.0,False,0,0.14015469994046725,1,6,R05,543c7bb5dfa4fea1f191426293d0c1d4232cb80d2e3e9affeb461f62178128a8,2.3825733000121545,success,4,7771590e94ce92287a446ba9602f02d60f4b3e3e68622e6a404b5b92c05c1bbc,0c47c7b193c318a7e0b428aced0ec6a2864093947a1ab298d2ef15784eb1ed8d,0.0,0.0,0.017514299979666248,8,0,1.0,1.0,1.0,1.0,False,0,0,11,1.9323370000056457,20,5dda243a39d13746d4e9d16922318df1774c4cf29a95fbc70677b618a41c45b1,810c64dfb030b042311c90f2f42f8dee866a48fc63a6a29e362ee328c52eaa6e,8768521586054549031,6539466840167791179,1433432981960361799,4.3149103000178
800.0,3890548,0.9181818181818181,0.8,0.9181818181818181,0.8,12,48,P02,a1b08ae4f395b1d9c57f8d27a4d04097602278e43def9bde02b1b95dab95b37b,P02,ground,1,1,2,0,3,0,0.8257575757575758,0.6666666666666666,0.7045454545454546,0.5,0.8181818181818182,0.7,0.9090909090909091,0.75,0.8181818181818182,0.7,0.00031300002592615783,0.3642567000060808,0.2174267000227701,80b4065b1d8cedf9fb3073d9fcb7c28f300e3a832f181e58e1cdb7a8243958e0,0.5055157000024337,c0d39264414c2b1ee8dd42555990a3a988d3bae9ce2d5ca465b6d39e2df66026,0.5230767000175547,1.7560116999957245,success,4,11,417e65741e97421cc42ed4a458572547cd7634712acffa071b77ca2a29b8f35e,6c70000af244c32df77b676f0c195ec319906e5503dfd35289d18be180e6eefe,0.05,b87b6314629e7e0cc0f43088e6d4abdf0e2bdfd6d72d0519e2c3286d8497f4ee,0.10000000000000009,0.09999999999999999,e314b9d4123ef84832965b1baadd04a118805f8cab368bd548a3f8f65ae02950,True,3,60.0,4,18,0.10000000000000009,0.09999999999999999,True,3,0.12842980003915727,1,6,R01,c088ed20c626e742dc323b6990ae53006bade9fcfafa8606e26e881fdca05950,2.2756601000146475,success,5,c3c4e2b13809c1748ff262e2654ee14a5759591513b2417e4fa788dd33cd7316,1d6264e217a4b93a8e4bb8e2d4887d5e50ce23b11089f4f9a887b007a4bbd1fc,0.05,0.05,0.016323999996529892,8,0,1.0,1.0,1.0,1.0,False,0,0,11,1.7560116999957245,20,5dda243a39d13746d4e9d16922318df1774c4cf29a95fbc70677b618a41c45b1,810c64dfb030b042311c90f2f42f8dee866a48fc63a6a29e362ee328c52eaa6e,7627631651407182776,1602282306738544356,5323818421608054946,4.031671800010372
800.0,3848721,0.859090909090909,0.75,0.859090909090909,0.75,12,48,P02,a1b08ae4f395b1d9c57f8d27a4d04097602278e43def9bde02b1b95dab95b37b,P02,ground,1,0,1,0,4,0,0.7575757575757577,0.6666666666666666,0.9318181818181818,0.75,0.8090909090909091,0.7,0.8409090909090909,0.5,0.8090909090909091,0.7,0.0003133999998681247,0.34727540001040325,0.20977790001779795,0f41b83852b36d9de5df280da63752cc58da28c5dd4bbbac93b5bd96f298e3fc,0.49701620000996627,d8cb3d9601cd5cca1a765e4117555686c9f174d526c4897e073bd3c37ece5ca1,0.5044974000193179,1.7050528000108898,success,4,11,8a46583e638b802e6e24a151d698e0b654c92c396c9620ceb5285ecd53ab91fc,6c70000af244c32df77b676f0c195ec319906e5503dfd35289d18be180e6eefe,0.05,9798f3b6b7f8dce0f1d2734f935f16fea3873aed27672bdb2a40aa307c277b5d,0.050000000000000044,0.04999999999999998,e314b9d4123ef84832965b1baadd04a118805f8cab368bd548a3f8f65ae02950,True,3,60.0,4,19,0.050000000000000044,0.04999999999999998,True,3,0.12964849997661076,1,6,R02,128e88bc85e97f9d8892ad67e289b953f922e382ec99eefd28a35130abf6e7bb,2.250421400007326,success,6,46818616bb3afd3240a6c8bd6884440fb880042bfeb948ccaba20b22382a2a45,04d8307e67a9857573cc397b7133711a2ffb42d0ef807311e7ec48690168f156,0.05,0.05,0.01587689999723807,8,0,1.0,1.0,1.0,1.0,False,0,0,11,1.7050528000108898,20,5dda243a39d13746d4e9d16922318df1774c4cf29a95fbc70677b618a41c45b1,810c64dfb030b042311c90f2f42f8dee866a48fc63a6a29e362ee328c52eaa6e,6616264014491749153,3292737602151419631,5878096360874265457,3.955474200018216
800.0,3595521,0.8045454545454546,0.75,0.8045454545454546,0.75,12,48,P02,a1b08ae4f395b1d9c57f8d27a4d04097602278e43def9bde02b1b95dab95b37b,P02,ground,1,0,2,1,8,3,0.6515151515151515,0.5833333333333334,0.8636363636363636,0.75,0.7045454545454546,0.65,0.7045454545454546,0.5,0.7045454545454546,0.65,0.00031549998675473034,0.33806080001522787,0.19069329998455942,2c262d45e359a008ec42d24fbf22acf507e092725144ab1b214ad8a687ec90c1,0.4698913000174798,8ac1926a526bfea5d0ee6002776b0f1c621a4083974fe10ddbd9d46baad52ab3,0.4817256999958772,1.6127229999983683,success,4,11,082423c171da607aba22ffc00b4d45cd11148f6d0777dc22546cf8584ef79b07,6c70000af244c32df77b676f0c195ec319906e5503dfd35289d18be180e6eefe,0.05,074af2d4c26c01e6b0de44e335ed5de998a187829ba6448784dc1a3bf7343490,0.10000000000000009,0.1,e314b9d4123ef84832965b1baadd04a118805f8cab368bd548a3f8f65ae02950,True,11,60.0,4,18,0.10000000000000009,0.1,True,11,0.11535190005088225,1,6,R03,78ae22da1b09e6fe3195f621c4e26c40e751b7fcca42d306af7a9766afbe4162,2.1175195000250824,success,7,2b2112688f11a12d6c64d73a080c6cb1ec5c3ccd71d4597e1dbd9d821fa0e43a,8511d07865a2c3fa292b2c733479ca5a5a66d0cf321f6d6757c3a137dcf93317,0.05,0.05,0.01606530000572093,8,0,0.9261363636363636,0.8958333333333334,0.9878787878787879,0.9555555555555556,False,0,0,11,1.6127229999983683,20,5dda243a39d13746d4e9d16922318df1774c4cf29a95fbc70677b618a41c45b1,810c64dfb030b042311c90f2f42f8dee866a48fc63a6a29e362ee328c52eaa6e,1802394594324910753,5885762374393669245,4428655624781526749,3.7302425000234507
800.0,3817994,0.9454545454545454,0.8,0.9359848484848484,0.8,12,48,P02,a1b08ae4f395b1d9c57f8d27a4d04097602278e43def9bde02b1b95dab95b37b,P02,ground,1,0,1,0,1,1,0.8787878787878788,0.75,0.8409090909090909,0.5,0.8954545454545454,0.75,1.0,1.0,0.8954545454545454,0.75,0.00032789999386295676,0.3374412000121083,0.21349160000681877,adb1a5ef458501b2ac23f35505f5174a70536d99526fafbef5ca90951b8f3e24,0.4985877999861259,ef61f90f054555cd1ee362d94a26d49af3ef65d44a36cfc7ee37c31119d9a8e8,0.5121914999908768,1.7052065999887418,success,4,11,ed1eebabccb6e223242fbc92a024e726bc33a40b2bd26e440187674a7b7cbfd7,6c70000af244c32df77b676f0c195ec319906e5503dfd35289d18be180e6eefe,0.05,a58381613b94123b5d2f969f5c3386cf2c4a425d4d85e4f7eb3bd4334e97a366,0.050000000000000044,0.050000000000000024,e314b9d4123ef84832965b1baadd04a118805f8cab368bd548a3f8f65ae02950,True,1,60.0,4,19,0.050000000000000044,0.040530303030303035,True,1,0.12670669998624362,1,6,R04,2ef18373271ee39ee43c5f10222f8e42e91cbb392a266b2a44d8881fa5019df7,2.232559299998684,success,8,3924e09751f508ba12f8dfeb6f5bc6cfa9ef6417b33b89ffdc7ecc3659d88bca,fd10f4251a9fe03c72abbcc74a8d8db401a5df69e6e31532c4d2bd686364592e,0.05,0.05,0.0157640999823343,8,0,0.9791666666666665,0.9791666666666666,1.0,1.0,False,0,0,11,1.7052065999887418,20,5dda243a39d13746d4e9d16922318df1774c4cf29a95fbc70677b618a41c45b1,810c64dfb030b042311c90f2f42f8dee866a48fc63a6a29e362ee328c52eaa6e,863719451813437471,7094484901833588186,7689728131605232437,3.9377658999874257
800.0,3792449,0.9,0.8,0.9,0.8,12,48,P02,a1b08ae4f395b1d9c57f8d27a4d04097602278e43def9bde02b1b95dab95b37b,P02,ground,0,1,1,0,6,1,0.9242424242424242,0.8333333333333334,0.5,0.25,0.85,0.75,0.9772727272727273,0.75,0.85,0.75,0.0003045000194106251,0.35700429999269545,0.20493060001172125,b567b72f54ab7b445086386d96a8b97c7f5b7f7f9e6c3f0d7ad1cbe2e384cd1b,0.4909517999913078,deb57683dbc9c3a9469750aab7f5079876de55b367fe7e7ec086ab99898ad2b4,0.5111602000251878,1.707656999991741,success,4,11,e3c48e097099893675d53b23f31efa13dbf4e1187b8e271340c4a65c4d33a672,6c70000af244c32df77b676f0c195ec319906e5503dfd35289d18be180e6eefe,0.05,2df1544a7366809aaf748621d48084bcaa77ced42b46e4422e491b8025d7dddb,0.050000000000000044,0.05,e314b9d4123ef84832965b1baadd04a118805f8cab368bd548a3f8f65ae02950,True,2,60.0,4,19,0.050000000000000044,0.05,True,2,0.12657690001651645,1,6,R05,5111eef174bb77941a0af3bf4af71bc7fd70aea2141167133934bcbee44c0118,2.2206606999970973,success,9,295d04cebe960df652961d4ba24eff31405e156d2b51683d4dc95565bc2025bd,67477762660adc5df93bfc9225076e33b13a01def3148f9d9bdeebe794ce5253,0.05,0.05,0.016122399974847212,8,0,0.9791666666666665,0.9791666666666666,1.0,1.0,False,0,0,11,1.707656999991741,20,5dda243a39d13746d4e9d16922318df1774c4cf29a95fbc70677b618a41c45b1,810c64dfb030b042311c90f2f42f8dee866a48fc63a6a29e362ee328c52eaa6e,3044070200687383567,3144205508565428603,5575277699284186584,3.9283176999888383
600.0,1034252,0.0,0.0,0.0,0.0,4,30,P03,943e8f99db19e0249c54b838bd2efc599e1edc09a224cc4792186499dbf9e323,P03,ground,0,1,1,0,1,4,0.0,0.0,0.0,0.0,0.0,0.0,0.0,0.0,0.0,0.0,0.0002914000069722533,0.10086620002402924,0.04287209999165498,3176f9770e56dd16fe3ba876338769d08406274ec2e49e1be0f0f21d084562e4,0.13586430001305416,ecaee67ce63c4271cfb82bd808838629395755accde5780bfacd0dc3efa03553,0.1501210999849718,0.4823661000118591,success,3,11,e1f639e6811296af640d847fbf752271f373fff7806b7eafa4b485761a788548,b11b7de98c5eceb3aba56ea2035316dace68194ec4ca9de31c8ba446dc89d43f,0.15,f8c36c0785cdff09281eab62a529b9cffbfd63a80656116943c88210aa51782f,0.0,0.0,e314b9d4123ef84832965b1baadd04a118805f8cab368bd548a3f8f65ae02950,True,11,55.0,3,9,0.0,0.0,True,11,0.043014499970013276,1,5,R01,4346161abfefd866c0e546421c7af680cadf2589498e538c059c6fce2ea306ab,0.6466505999851506,success,10,7f4f6d55c8eb8a5b9ef778bf628c5985303ad67844c3b2371407e60769f876db,499594db0aa315627403a7f1e2ba2c219d4d51e88c95fdee91afec1b61eb04cc,0.1,0.1,0.00868959998479113,6,0,0.06666666666666667,0.06666666666666667,0.07692307692307693,0.07692307692307693,True,11,0,11,0.4823661000118591,10,5dda243a39d13746d4e9d16922318df1774c4cf29a95fbc70677b618a41c45b1,810c64dfb030b042311c90f2f42f8dee866a48fc63a6a29e362ee328c52eaa6e,5723421119878207986,6292914024448040840,6106092335387876648,1.1290166999970097
600.0,984320,0.06363636363636364,0.0,0.04242424242424243,0.0,4,30,P03,943e8f99db19e0249c54b838bd2efc599e1edc09a224cc4792186499dbf9e323,P03,space,0,1,1,0,0,6,0.06818181818181818,0.0,0.0,0.0,0.06363636363636364,0.0,0.1212121212121212,0.0,0.04242424242424243,0.0,0.0002921000123023987,0.09249069998622872,0.0642504999996163,d8dd3b89c5f31ca9a8ebd4e9ee6be5521aebd41759aff6b1a9439edcfc86c8bd,0.1316009000001941,ae8b7c78dd2f42a8f376eb83ec6ec0b3b4de273edda44906271a131400b7bbe7,0.14488730000448413,0.48320160000002943,success,3,4,91915fadd783e6e5072d198184982743e408557f2821e2eba1391a58fd477851,b11b7de98c5eceb3aba56ea2035316dace68194ec4ca9de31c8ba446dc89d43f,0.15,56ec82adf4b7a7dcaef7346f6878d5590d135f9b8a35e8eba906bfa3a9f2780a,0.0,0.0,e314b9d4123ef84832965b1baadd04a118805f8cab368bd548a3f8f65ae02950,True,11,55.0,3,9,0.0,0.0,True,11,0.04039330003433861,1,5,R02,801ba3be62a7f843f217d6f50908db8d93526c2970441b58947fe57999dadd20,0.5944732000061776,success,11,df95178da9a64c9dc6ce493fd256bac1574cfbca4b8ca69b9ca179ab2be09999,5bc7ccfafe835e773178c86145ceee29ce7070bfe27d145330399ef0e429eb96,0.1,0.1,0.008712999988347292,6,7,0.06666666666666667,0.06666666666666667,0.08333333333333333,0.08333333333333333,True,11,0,11,0.48320160000002943,10,5dda243a39d13746d4e9d16922318df1774c4cf29a95fbc70677b618a41c45b1,810c64dfb030b042311c90f2f42f8dee866a48fc63a6a29e362ee328c52eaa6e,4555270730465429471,5515285733548185673,6854447813334096901,1.077674800006207
600.0,1190114,0.08181818181818182,0.0,0.05454545454545454,0.0,4,30,P03,943e8f99db19e0249c54b838bd2efc599e1edc09a224cc4792186499dbf9e323,P03,ground,0,1,3,2,1,0,0.0,0.0,0.1212121212121212,0.0,0.03636363636363637,0.0,0.0,0.0,0.024242424242424242,0.0,0.00030009998590685427,0.1145097000116948,0.049224099988350645,8868cfea33567085a5a174fa6f60e3a7f6cee5c70bf70b3dcc7b46dca2845a56,0.15243980000377633,a91ca0b57fa4c219e3ea0d303c8c355ebdb032cdf030b5db452feff077b1c51f,0.16644749999977648,0.5394527000025846,success,3,7,170305b714b7e6af432da267461a2f8a5974ff9e48be7286a9f412a6b20d8ad2,b11b7de98c5eceb3aba56ea2035316dace68194ec4ca9de31c8ba446dc89d43f,0.15,3abfb887a6d919a9dee729a5dee1d83faae2382773e4c88298f7f1982e483e01,0.1,0.045454545454545456,e314b9d4123ef84832965b1baadd04a118805f8cab368bd548a3f8f65ae02950,True,11,55.0,3,7,0.06666666666666667,0.0303030303030303,True,11,0.047093299974221736,1,5,R03,d3f9ddaad5c637068db00819ff5ccb03b5f439789dfe453883544a9b2a1789ec,0.724590600002557,success,12,83a9c0f4fd0cf5158795652b492024375f565d758246612bee3b79b52a7c9458,f820f68d6ca5da50373afcf462b73f51fa636e822c41c49986d3af0392a2ffb6,0.1,0.1,0.008823299984214827,6,4,0.06666666666666667,0.06666666666666667,0.06666666666666667,0.06666666666666667,True,11,0,11,0.5394527000025846,10,5dda243a39d13746d4e9d16922318df1774c4cf29a95fbc70677b618a41c45b1,810c64dfb030b042311c90f2f42f8dee866a48fc63a6a29e362ee328c52eaa6e,8863828051175980889,4184751557523004344,4159477120854605769,1.2640433000051416
600.0,1150546,0.05454545454545456,0.0,0.03636363636363637,0.0,4,30,P03,943e8f99db19e0249c54b838bd2efc599e1edc09a224cc4792186499dbf9e323,P03,space,0,0,0,0,0,1,0.0,0.0,0.1212121212121212,0.0,0.05454545454545456,0.0,0.0606060606060606,0.0,0.03636363636363637,0.0,0.00029230001382529736,0.1113105000113137,0.048499800002900884,42e76f252d2aae6f1b41227785e6afe927ae0e670679996b0ae31d71451a5621,0.17145810002693906,4c24ea8e66862a911cb2e043bb631a28ff4990c90e88a6f08ec99bed2bad449d,0.1648476000118535,0.5522306000057142,success,3,5,3017e28ef36d35d5fe6f07a79145b493bca8634c5eae77c432f31235aaffca31,b11b7de98c5eceb3aba56ea2035316dace68194ec4ca9de31c8ba446dc89d43f,0.15,1a64e246a5a0703bf224741ce0400fac36a546b5a127e4a31793ffefda6fea55,0.0,0.0,e314b9d4123ef84832965b1baadd04a118805f8cab368bd548a3f8f65ae02950,True,11,55.0,3,10,0.0,0.0,True,11,0.04639610002050176,1,5,R04,a4c63ae1bafce65c861a009f056a6653b1e41f5b559cb85b69603e845a203174,0.6988438999978825,success,13,71c07292610aad4336a1c2e9dda45683ef52327292afa36e3f53b7962135ff76,ea35523ed9cade4cbfad4ca52d3c782540b39795890e820ad6b9c9d5dc66dd12,0.1,0.1,0.008803300006547943,6,6,0.06666666666666667,0.06666666666666667,0.06896551724137931,0.06896551724137931,True,11,0,11,0.5522306000057142,10,5dda243a39d13746d4e9d16922318df1774c4cf29a95fbc70677b618a41c45b1,810c64dfb030b042311c90f2f42f8dee866a48fc63a6a29e362ee328c52eaa6e,2489138762321931658,1718879501798773945,7689414683118222322,1.2510745000035968
600.0,1153523,0.03636363636363637,0.0,0.024242424242424242,0.0,4,30,P03,943e8f99db19e0249c54b838bd2efc599e1edc09a224cc4792186499dbf9e323,P03,ground,1,0,1,0,0,1,0.0,0.0,0.0,0.0,0.03636363636363637,0.0,0.1212121212121212,0.0,0.024242424242424242,0.0,0.0004284000024199486,0.1110851000121329,0.04963669998687692,8335b00ec653c0748915f545320e40e4e34c193d335c12a61f025055285e90a4,0.1495363999856636,0213e183ef0b5c91ea2e6f631025d03d0d4e2e98e7e737b4a2d44d1a28e658ce,0.16271400000550784,0.5293524999869987,success,3,7,ac0f4050cf4941d246da702cddc2cf994c7682447e407dd84c6378b4e95eff04,b11b7de98c5eceb3aba56ea2035316dace68194ec4ca9de31c8ba446dc89d43f,0.15,d98de48a701a7e820eeaa1437a05175e557036507f4804dc3bfbc4d0ca6f26f0,0.0,0.0,e314b9d4123ef84832965b1baadd04a118805f8cab368bd548a3f8f65ae02950,True,11,55.0,3,9,0.0,0.0,True,11,0.04596769995987415,1,5,R05,e10a6de48a2a8f5da13982c3da0f467bf1ed5e01ec5bf593b5f1ab2077a104fd,0.6758405000146013,success,14,f460e97253d3b92e3b98baa93010ca038a24b6637165ad76e8e875e0b451da82,71391bc4febea63669871500486259759d5dfafad91f9f7f3567f9cc19f2b433,0.1,0.1,0.009370999992825091,6,4,0.06666666666666667,0.06666666666666667,0.06896551724137931,0.06896551724137931,True,11,0,11,0.5293524999869987,10,5dda243a39d13746d4e9d16922318df1774c4cf29a95fbc70677b618a41c45b1,810c64dfb030b042311c90f2f42f8dee866a48fc63a6a29e362ee328c52eaa6e,7849137698414959510,6582413993433064828,1931905070695152127,1.2051930000016
500.0,758152,0.018181818181818184,0.0,0.018181818181818184,0.0,2,20,P04,2029e7a08b1f4e8c66e9057cbb48a7085d123ae77a80c01f10858d8e2deadfac,P04,ground,0,2,4,2,1,2,0.0,0.0,0.0,0.0,0.009090909090909092,0.0,0.022727272727272728,0.0,0.009090909090909092,0.0,0.0003012999950442463,0.07040199998300523,0.03352320002159104,ac4c025c78615fe03354d15a3434607c9bc19b93d943ea189c98be6f280ce073,0.10164199999417178,960a809b8261a57c8ed85ab4f3cf789558b145ab78b964741ea6d7deedfdc6a2,0.1431694999919273,0.38970210001571104,success,4,10,2b5f0f128249119da2484ac4a065211c78eec8f40db18aa28e9a954e0a2d19f3,2727500757257183510527c7abe32b31fed09df39b51da82a7c237513ec6cd74,0.25,6b214a6c906517de420f058bbfcc602bd720bcd2815ea90fccc5a561e9fb0c05,0.1,0.009090909090909092,e314b9d4123ef84832965b1baadd04a118805f8cab368bd548a3f8f65ae02950,True,11,45.0,4,6,0.1,0.009090909090909092,True,11,0.03381160003482364,1,4,R01,294b4286d08d0572146e6f0e383d55d48960ac591fa17ea9f739982af14bd352,0.4805016999889631,success,15,9cb25eb80b066682bc82b95c8ff4c59b721b8522c5ede4c9c6288d8362f78b25,ca36a423ecfdcb6013c6b72f8f65bea54d114e85eada6452b7b120cc05c9d00c,0.2,0.15,0.006239700014702976,5,0,0.1,0.1,0.1111111111111111,0.1111111111111111,True,11,1,11,0.38970210001571104,10,5dda243a39d13746d4e9d16922318df1774c4cf29a95fbc70677b618a41c45b1,810c64dfb030b042311c90f2f42f8dee866a48fc63a6a29e362ee328c52eaa6e,1296735794955275442,2789310056144558333,2312959937223712985,0.8702038000046741
500.0,776604,0.009090909090909092,0.0,0.009090909090909092,0.0,2,20,P04,2029e7a08b1f4e8c66e9057cbb48a7085d123ae77a80c01f10858d8e2deadfac,P04,ground,1,1,4,2,0,2,0.0,0.0,0.0,0.0,0.009090909090909092,0.0,0.022727272727272728,0.0,0.009090909090909092,0.0,0.00032980000833049417,0.07135170002584346,0.0349139999889303,eed7340aa36c7ff6f6bc4358e0a6e44f360b884bb44652926f43dd8c8ad70517,0.10584300002665259,045dc715163bb23f9e2da59e4a129d3e3dc6a686715dd53b9784a5c0c0a24eef,0.1174831000098493,0.37168940002447926,success,4,10,43268674ab4fa5d9567a9d2a526b3f9331251f35eb7c48d68bdfcca4ad7d9a77,2727500757257183510527c7abe32b31fed09df39b51da82a7c237513ec6cd74,0.25,343d310671450116b9b7de77008953954cfb063ca61ad2aaac0c635058db79cc,0.0,0.0,e314b9d4123ef84832965b1baadd04a118805f8cab368bd548a3f8f65ae02950,True,11,45.0,4,6,0.0,0.0,True,11,0.035137099999701604,1,4,R02,ca628d667056e80a49560591f65e50da84eaf95d9d59e91af56a7729eeac6005,0.47300200001336634,success,16,a63ca57b742fc336612f45e31900cf655f889240167775effca937521aefe894,fd6eb7bfdb3de54972007b027e4836db0c7e9e430544fac109213114712eb204,0.2,0.15,0.005936400004429743,5,0,0.1,0.1,0.1111111111111111,0.1111111111111111,True,11,1,11,0.37168940002447926,10,5dda243a39d13746d4e9d16922318df1774c4cf29a95fbc70677b618a41c45b1,810c64dfb030b042311c90f2f42f8dee866a48fc63a6a29e362ee328c52eaa6e,1803303354608432496,4674690425545853707,5657084710837050386,0.8446914000378456
500.0,727266,0.0,0.0,0.0,0.0,2,20,P04,2029e7a08b1f4e8c66e9057cbb48a7085d123ae77a80c01f10858d8e2deadfac,P04,ground,1,1,3,1,0,3,0.0,0.0,0.0,0.0,0.0,0.0,0.0,0.0,0.0,0.0,0.00030009998590685427,0.06659019997459836,0.031711599993286654,3773199c2c74a42901f12e2006852d62f3e3908a00ab078c4ca02991e64387de,0.09767879999708384,e87df9fb0a10aca5caf24a7fca07988ab354ee3b2cdba73a76b8186d315bc014,0.11227430001599714,0.3493531999993138,success,4,11,48b1a85332ca643067530b774b73cc874b426318a55b8554234984c5cb12cac7,2727500757257183510527c7abe32b31fed09df39b51da82a7c237513ec6cd74,0.25,191060d798502bd1abd6469f3a7c57143c0ecf10b30d591394faa1ec3573ae32,0.0,0.0,e314b9d4123ef84832965b1baadd04a118805f8cab368bd548a3f8f65ae02950,True,11,45.0,4,7,0.0,0.0,True,11,0.03380170004675165,1,4,R03,36731a03e83c7980c48a2d1d2468b53f6df2fa1a72a1d4bdacba9f708ee4db0d,0.454367700003786,success,17,a999bf87e3c2823033eb807db79c8b842726022c87dd355465f2a645b96dedf4,602b5a367f0e76ac5ac7e59ecfb8edd37a401a0726fa78b5517f6ad3fe1de208,0.2,0.15,0.006377700017765164,5,0,0.06818181818181818,0.05,0.08021390374331551,0.058823529411764705,True,11,0,11,0.3493531999993138,10,5dda243a39d13746d4e9d16922318df1774c4cf29a95fbc70677b618a41c45b1,810c64dfb030b042311c90f2f42f8dee866a48fc63a6a29e362ee328c52eaa6e,6852563880112824932,4838482079020998601,328314200616051278,0.8037209000030998
500.0,649688,0.03636363636363637,0.0,0.03636363636363637,0.0,2,20,P04,2029e7a08b1f4e8c66e9057cbb48a7085d123ae77a80c01f10858d8e2deadfac,P04,ground,1,1,3,1,0,5,0.0,0.0,0.0,0.0,0.03636363636363637,0.0,0.09090909090909091,0.0,0.03636363636363637,0.0,0.00033290000283159316,0.0611808999965433,0.02946170000359416,4be1da79a88120a9c70acef83266320b2389f73b5073671441ff45fccf5d4ade,0.0893350999976974,73671664a5bff645a1720da1c62e51355f02062af762249ba4869a288c1d068a,0.10490939998999238,0.323569200001657,success,4,7,cc50bb2539db785fe4c78ee5ca8f96c6ab45dc32d9cd0eb7f9accfb4f074360e,2727500757257183510527c7abe32b31fed09df39b51da82a7c237513ec6cd74,0.25,96884c19ffd6b23ae503d5e28e4d161ef584f568d48f03cef523a63430685a31,0.0,0.0,e314b9d4123ef84832965b1baadd04a118805f8cab368bd548a3f8f65ae02950,True,11,45.0,4,7,0.0,0.0,True,11,0.03174470004159957,1,4,R04,ad95c29761099475ea73cc698755c1fbedd2b82fdaf475c8d2e7afbc5dccc1eb,0.4984472999931313,success,18,e9b7510259421673c602e5ca23dcb1741cf31e986976801ce40eb7d4b9c5e061,364be7dd74d7ef3ed569e5b8576e4648e2787fd5a4c70289948cd21c1c3c94e6,0.2,0.15,0.005959300004178658,5,0,0.1,0.1,0.13333333333333333,0.13333333333333333,True,11,4,11,0.323569200001657,10,5dda243a39d13746d4e9d16922318df1774c4cf29a95fbc70677b618a41c45b1,810c64dfb030b042311c90f2f42f8dee866a48fc63a6a29e362ee328c52eaa6e,4172110561828418929,6291154102709769241,1219859460459024387,0.8220164999947883
500.0,738875,0.03636363636363637,0.0,0.03636363636363637,0.0,2,20,P04,2029e7a08b1f4e8c66e9057cbb48a7085d123ae77a80c01f10858d8e2deadfac,P04,ground,1,1,2,0,0,3,0.0,0.0,0.0,0.0,0.03636363636363637,0.0,0.09090909090909091,0.0,0.03636363636363637,0.0,0.0005220999883022159,0.06926170000224374,0.034347399981925264,3025337e35cd7dd97d830962426fc9e441c24425f96bcdafba6581c6755c8ec2,0.09896440000738949,d4080e8333abc4c52d4e084a10a7282081316f21543b18b33c28a269ba03d818,0.1375840000109747,0.3819038000074215,success,4,7,cc4b7899335e0a878a1512c5a8f39c47041b16f90213241e48002f513109c49d,2727500757257183510527c7abe32b31fed09df39b51da82a7c237513ec6cd74,0.25,98fcd7609eeff0658cacca53f73b955da43a2369127fa826430051e0b5c2595a,0.0,0.0,e314b9d4123ef84832965b1baadd04a118805f8cab368bd548a3f8f65ae02950,True,11,45.0,4,8,0.0,0.0,True,11,0.03445760000613518,1,4,R05,f196aae3d5978b3abc4501ff7bb008e58bb7e7048b70519bc4226a2a460abba3,0.4524031999753788,success,19,6316572c4b2d324c1b3ac50c74b83c2f85a9590ac4b6540de31b4844b93bdae6,5e15f94cf6d854bd9cdc5ee8ce4fa28a78f38236e789d31dac606bc01b0b3518,0.2,0.15,0.006136000010883436,5,0,0.1,0.1,0.11764705882352942,0.11764705882352941,True,11,4,11,0.3819038000074215,10,5dda243a39d13746d4e9d16922318df1774c4cf29a95fbc70677b618a41c45b1,810c64dfb030b042311c90f2f42f8dee866a48fc63a6a29e362ee328c52eaa6e,9174943725511695737,4984299928493062121,7353167260134988860,0.8343069999828003
300.0,296068,0.0,0.0,0.0,0.0,1,20,P05,672a8c902aa760143093c6619cddd194ec1c13bb25bcd127a63468f1b60fa325,P05,ground,0,1,1,0,0,4,0.0,0.0,0.0,0.0,0.0,0.0,0.0,0.0,0.0,0.0,0.0003100000030826777,0.026134799991268665,0.022188900009496137,65ee68f1423ac690b403cdb81b8bdb07ee9b1fb246bb2f23ca1458e77b984962,0.05602209997596219,b9c01318e8a73f31f7b79d96eb22fe3fab1b90191bd439c37c780063e75444d6,0.07117729997844435,0.2033316999732051,success,1,11,f8bc5f1f0aa50cd796f4b0fe59bb9b75a5a2cd4cc720d9a02fdac2cdb96a465c,6a80f131447fc6a4057809f3dbe83d361d0d29f2b23defe61876fc483746b505,0.4,a54f4ae32f9d1d27d79f4a923bb7a93337030ffc688a386c2af33004b4aef1c5,0.0,0.0,e314b9d4123ef84832965b1baadd04a118805f8cab368bd548a3f8f65ae02950,True,11,30.0,1,2,0.0,0.0,True,11,0.021116899995831773,1,4,R01,d49da5d74c2eaa17f8ea5e571a5af8fe7485066de1bbb73e9feef3f92ab0633b,0.23983400000724941,success,20,ea1d9d3f912ddd36b4136f406aad9a7d1067ad768da24c517a1b6ab4bb451165,5d512807d993a38776b438069970ce494f5473517566a41656c885e04ee63ddc,0.25,0.2,0.005734600010327995,5,0,0.06363636363636364,0.05,0.07954545454545454,0.0625,True,11,0,11,0.2033316999732051,3,5dda243a39d13746d4e9d16922318df1774c4cf29a95fbc70677b618a41c45b1,810c64dfb030b042311c90f2f42f8dee866a48fc63a6a29e362ee328c52eaa6e,3685239805078046727,544442458231563967,6238535712900246896,0.4431656999804545
300.0,294259,0.0,0.0,0.0,0.0,1,20,P05,672a8c902aa760143093c6619cddd194ec1c13bb25bcd127a63468f1b60fa325,P05,ground,0,0,0,0,1,4,0.0,0.0,0.0,0.0,0.0,0.0,0.0,0.0,0.0,0.0,0.00028219999512657523,0.02646309998817742,0.02286729999468662,2ec7097730a0137090a8c9e0c83828226492abe9beab1c71d5a6afe49077dc7d,0.057312099990667775,2e0d852adc119bea6a3f51ac589afdc6eaa2502bfaf09a11b8063f5646f4e4c8,0.07025910000083968,0.20456220000050962,success,1,11,1ff03abe99d147eddcb7516b68f2e6d385cda82fb476b0843d5e6c8fae544361,6a80f131447fc6a4057809f3dbe83d361d0d29f2b23defe61876fc483746b505,0.4,5ba7c538643771beb83df0d9bc1d29092b1a8933921372dc45bac3fd9ff708a9,0.0,0.0,e314b9d4123ef84832965b1baadd04a118805f8cab368bd548a3f8f65ae02950,True,11,30.0,1,3,0.0,0.0,True,11,0.020926700002746657,1,4,R02,cd0b03ee96ff031e99ed3ce571b136d474bce3cc6fc2d5299b5a3820d66d2b22,0.2455859999754466,success,21,e04f0e6f1217e8a15116dca04a0c501a418e14dc69bded55eb3d57a0666dd759,515efebf83c10c68263654e7b0de90a24f958b502128df9c4a161d436008366e,0.25,0.2,0.00586119998479262,5,0,0.09090909090909091,0.05,0.11363636363636363,0.0625,True,11,0,11,0.20456220000050962,3,5dda243a39d13746d4e9d16922318df1774c4cf29a95fbc70677b618a41c45b1,810c64dfb030b042311c90f2f42f8dee866a48fc63a6a29e362ee328c52eaa6e,6951318715345506714,1702943336364719359,7929211064868121291,0.45014819997595623
300.0,278912,0.0,0.0,0.0,0.0,1,20,P05,672a8c902aa760143093c6619cddd194ec1c13bb25bcd127a63468f1b60fa325,P05,ground,0,1,1,0,0,6,0.0,0.0,0.0,0.0,0.0,0.0,0.0,0.0,0.0,0.0,0.000282000022707507,0.027276100008748472,0.022240799997234717,9bd460a24dbc9d4443db4a96a9814d41917982435d7634acb6b8d0425ee8e3b2,0.05497090000426397,022c876da86a20bd422cf5e7a053d36e344b53ee83866141353038d5fc94fa27,0.06732609999016859,0.20359530000132509,success,1,11,284eb38821be1063117648efb59d3f020301707c2b2cf7a5a709087007edbcd0,6a80f131447fc6a4057809f3dbe83d361d0d29f2b23defe61876fc483746b505,0.4,e6ae33558117c13df61960e0bc9755ce39a349d871ab0f29f5d063b9b3e86ef0,0.0,0.0,e314b9d4123ef84832965b1baadd04a118805f8cab368bd548a3f8f65ae02950,True,11,30.0,1,2,0.0,0.0,True,11,0.024864699953468516,1,4,R03,2360fa846009d40fe092b779790bf362a464150f54217481c39ca5804698a12d,0.23339010000927374,success,22,9fb2974a57725cc6b1f050321887d2b7b5ae00d88219fed81540c5a9b1748044,6fd6897f8469a1df42489d13dc3f56a7af1bc241ac83b10d0e56cc763b3b5cf1,0.25,0.2,0.006027900002663955,5,0,0.1,0.1,0.14285714285714285,0.14285714285714285,True,11,0,11,0.20359530000132509,3,5dda243a39d13746d4e9d16922318df1774c4cf29a95fbc70677b618a41c45b1,810c64dfb030b042311c90f2f42f8dee866a48fc63a6a29e362ee328c52eaa6e,266657517861921457,5753672451733977024,3998156279283845997,0.4369854000105988
300.0,285415,0.0,0.0,0.0,0.0,1,20,P05,672a8c902aa760143093c6619cddd194ec1c13bb25bcd127a63468f1b60fa325,P05,ground,1,0,1,0,1,5,0.0,0.0,0.0,0.0,0.0,0.0,0.0,0.0,0.0,0.0,0.0002906000008806586,0.025844799994956702,0.02284049999434501,86b3c7a90ae87bfdf16b716fa03f73499fc6406adc7781359aa4a3583b509b56,0.056303100020159036,7b6c5a1feef0182dae97ca739b0228375dae11a7ea7d05de2eacb1b3bab5a688,0.06888820001040585,0.2019504999916535,success,1,11,def8b53ff6d59caa24dfe6e1dcf0c9018b2ec4830b67de62f0d1dbf8984a3cee,6a80f131447fc6a4057809f3dbe83d361d0d29f2b23defe61876fc483746b505,0.4,8113d25f61396e5858997f776942ff67ca196ae2c7da6ad9155d44ee65cd50a7,0.0,0.0,e314b9d4123ef84832965b1baadd04a118805f8cab368bd548a3f8f65ae02950,True,11,30.0,1,2,0.0,0.0,True,11,0.020744400040712208,1,4,R04,6e05f1059f3da968b3c12261b14a73bb56f2509b493a527409a4ab98b49bf4d9,0.2592931000108365,success,23,6806516fb81bdfc2a9ce6dd0f6a7dc2050a8809654b2d636058efa35c6e1998d,78560f4bec35b3c3b3e19553afcab8ddea3686709728305747797193d02ec722,0.25,0.2,0.006437999982153997,5,0,0.09090909090909091,0.05,0.1212121212121212,0.06666666666666667,True,11,0,11,0.2019504999916535,3,5dda243a39d13746d4e9d16922318df1774c4cf29a95fbc70677b618a41c45b1,810c64dfb030b042311c90f2f42f8dee866a48fc63a6a29e362ee328c52eaa6e,1050019228979525549,7061253346135210111,6907823417801394030,0.46124360000249
300.0,334464,0.0,0.0,0.0,0.0,1,20,P05,672a8c902aa760143093c6619cddd194ec1c13bb25bcd127a63468f1b60fa325,P05,ground,1,0,1,0,0,1,0.0,0.0,0.0,0.0,0.0,0.0,0.0,0.0,0.0,0.0,0.0003330000035930425,0.0310176000057254,0.02553130002343096,35afa5b6cb17969338eb3e3e409844fd9b4ee2d0fb5036664fc873c51352dee8,0.062143900024238974,0786e772699cfb1877b3af951d63c00bd0ce1d4b2c9fdff7998d6dfd310def7c,0.07509729999583215,0.22480009999708273,success,1,11,b3280cbb4cb74f6fdfa39f63936aee79a235f9f0d7150a81688c6fdb72f28656,6a80f131447fc6a4057809f3dbe83d361d0d29f2b23defe61876fc483746b505,0.4,c4532b57fa96b8d30770029b4da679d690ca876137ce04ebab550820649e88a8,0.0,0.0,e314b9d4123ef84832965b1baadd04a118805f8cab368bd548a3f8f65ae02950,True,11,30.0,1,2,0.0,0.0,True,11,0.02403940007206984,1,4,R05,cdedd3d2367ba60123f2f9ff870fe1dd4f23c2bf6a43d4254aa5d452d57f084b,0.26877920000697486,success,24,901befb5ed89d8972072b7b65aaa414f4e5c7043e0bdc05ee9b56f62585a762f,e6a21a46325806e6f31de57fe34ad123123232f6b6648e850fbc113fe888405f,0.25,0.2,0.006006300012813881,5,0,0.1,0.1,0.10526315789473685,0.10526315789473684,True,11,0,11,0.22480009999708273,3,5dda243a39d13746d4e9d16922318df1774c4cf29a95fbc70677b618a41c45b1,810c64dfb030b042311c90f2f42f8dee866a48fc63a6a29e362ee328c52eaa6e,5605119817572551579,5145095676813593674,4643710254043163780,0.4935793000040576
