record_type,relation,source_design_id,source_split,neighbor_design_id,neighbor_split,normalized_euclidean_distance,cross_split,within_predeclared_radius_0_10
nearest_by_relation,new_new,AUGV1-D000,train,AUGV1-D024,validation,0.134607387295095,True,False
nearest_by_relation,new_original,AUGV1-D000,train,D000,test,0.3494672979240635,True,False
nearest_by_relation,new_new,AUGV1-D001,train,AUGV1-D013,train,0.18525488382873212,False,False
nearest_by_relation,new_original,AUGV1-D001,train,D000,test,0.40879518066913295,True,False
nearest_by_relation,new_new,AUGV1-D002,train,AUGV1-D026,validation,0.13460738729509508,True,False
nearest_by_relation,new_original,AUGV1-D002,train,D000,test,0.50375560920527629,True,False
nearest_by_relation,new_new,AUGV1-D003,train,AUGV1-D015,train,0.18525488382873223,False,False
nearest_by_relation,new_original,AUGV1-D003,train,D000,test,0.45042956388564287,True,False
nearest_by_relation,new_new,AUGV1-D004,train,AUGV1-D016,train,0.18525488382873209,False,False
nearest_by_relation,new_original,AUGV1-D004,train,D008,train,0.51683899447788495,False,False
nearest_by_relation,new_new,AUGV1-D005,train,AUGV1-D029,validation,0.13460738729509508,True,False
nearest_by_relation,new_original,AUGV1-D005,train,D000,test,0.37378264188387456,True,False
nearest_by_relation,new_new,AUGV1-D006,train,AUGV1-D027,validation,0.18714802343719092,True,False
nearest_by_relation,new_original,AUGV1-D006,train,D000,test,0.41813957079158504,True,False
nearest_by_relation,new_new,AUGV1-D007,train,AUGV1-D031,test,0.13460738729509497,True,False
nearest_by_relation,new_original,AUGV1-D007,train,D000,test,0.50575712850920462,True,False
nearest_by_relation,new_new,AUGV1-D008,train,AUGV1-D032,test,0.13460738729509508,True,False
nearest_by_relation,new_original,AUGV1-D008,train,D000,test,0.30854120111444633,True,False
nearest_by_relation,new_new,AUGV1-D009,train,AUGV1-D030,test,0.20560486927182473,True,False
nearest_by_relation,new_original,AUGV1-D009,train,D001,train,0.34032567693873322,False,False
nearest_by_relation,new_new,AUGV1-D010,train,AUGV1-D031,test,0.17935227854505931,True,False
nearest_by_relation,new_original,AUGV1-D010,train,D000,test,0.41670171958998153,True,False
nearest_by_relation,new_new,AUGV1-D011,train,AUGV1-D035,test,0.13460738729509508,True,False
nearest_by_relation,new_original,AUGV1-D011,train,D001,train,0.54163000877928147,False,False
nearest_by_relation,new_new,AUGV1-D012,train,AUGV1-D000,train,0.18525488382873212,False,False
nearest_by_relation,new_original,AUGV1-D012,train,D000,test,0.34958632569834897,True,False
nearest_by_relation,new_new,AUGV1-D013,train,AUGV1-D001,train,0.18525488382873212,False,False
nearest_by_relation,new_original,AUGV1-D013,train,D000,test,0.36655578040678022,True,False
nearest_by_relation,new_new,AUGV1-D014,train,AUGV1-D026,validation,0.18525488382873206,True,False
nearest_by_relation,new_original,AUGV1-D014,train,D000,test,0.51663663240353475,True,False
nearest_by_relation,new_new,AUGV1-D015,train,AUGV1-D003,train,0.18525488382873223,False,False
nearest_by_relation,new_original,AUGV1-D015,train,D000,test,0.4298475563761574,True,False
nearest_by_relation,new_new,AUGV1-D016,train,AUGV1-D004,train,0.18525488382873209,False,False
nearest_by_relation,new_original,AUGV1-D016,train,D008,train,0.53470828214336541,False,False
nearest_by_relation,new_new,AUGV1-D017,train,AUGV1-D029,validation,0.18525488382873212,True,False
nearest_by_relation,new_original,AUGV1-D017,train,D000,test,0.45439438043802677,True,False
nearest_by_relation,new_new,AUGV1-D018,train,AUGV1-D023,train,0.20538361777033975,False,False
nearest_by_relation,new_original,AUGV1-D018,train,D001,train,0.51609112908000854,False,False
nearest_by_relation,new_new,AUGV1-D019,train,AUGV1-D014,train,0.19933251329523824,False,False
nearest_by_relation,new_original,AUGV1-D019,train,D000,test,0.54331588013710386,True,False
nearest_by_relation,new_new,AUGV1-D020,train,AUGV1-D008,train,0.18525488382873204,False,False
nearest_by_relation,new_original,AUGV1-D020,train,D000,test,0.32261886154310832,True,False
nearest_by_relation,new_new,AUGV1-D021,train,AUGV1-D033,test,0.1852548838287322,True,False
nearest_by_relation,new_original,AUGV1-D021,train,D001,train,0.44572267771607521,False,False
nearest_by_relation,new_new,AUGV1-D022,train,AUGV1-D034,test,0.18525488382873204,True,False
nearest_by_relation,new_original,AUGV1-D022,train,D000,test,0.50428386641986656,True,False
nearest_by_relation,new_new,AUGV1-D023,train,AUGV1-D011,train,0.18525488382873212,False,False
nearest_by_relation,new_original,AUGV1-D023,train,D001,train,0.58897439603021329,False,False
nearest_by_relation,new_new,AUGV1-D024,validation,AUGV1-D000,train,0.134607387295095,True,False
nearest_by_relation,new_original,AUGV1-D024,validation,D000,test,0.34137464187652733,True,False
nearest_by_relation,new_new,AUGV1-D025,validation,AUGV1-D013,train,0.20915940532751751,True,False
nearest_by_relation,new_original,AUGV1-D025,validation,D000,test,0.32251016786651393,True,False
nearest_by_relation,new_new,AUGV1-D026,validation,AUGV1-D002,train,0.13460738729509508,True,False
nearest_by_relation,new_original,AUGV1-D026,validation,D000,test,0.45347889871442165,True,False
nearest_by_relation,new_new,AUGV1-D027,validation,AUGV1-D006,train,0.18714802343719092,True,False
nearest_by_relation,new_original,AUGV1-D027,validation,D000,test,0.51385412734949465,True,False
nearest_by_relation,new_new,AUGV1-D028,validation,AUGV1-D016,train,0.20915940532751748,True,False
nearest_by_relation,new_original,AUGV1-D028,validation,D000,test,0.47756336902049185,True,False
nearest_by_relation,new_new,AUGV1-D029,validation,AUGV1-D005,train,0.13460738729509508,True,False
nearest_by_relation,new_original,AUGV1-D029,validation,D000,test,0.35637463085221899,True,False
nearest_by_relation,new_new,AUGV1-D030,test,AUGV1-D009,train,0.20560486927182473,True,False
nearest_by_relation,new_original,AUGV1-D030,test,D001,train,0.42901258573503953,True,False
nearest_by_relation,new_new,AUGV1-D031,test,AUGV1-D007,train,0.13460738729509497,True,False
nearest_by_relation,new_original,AUGV1-D031,test,D000,test,0.46840196505123105,False,False
nearest_by_relation,new_new,AUGV1-D032,test,AUGV1-D008,train,0.13460738729509508,True,False
nearest_by_relation,new_original,AUGV1-D032,test,D000,test,0.34337021317291455,False,False
nearest_by_relation,new_new,AUGV1-D033,test,AUGV1-D021,train,0.1852548838287322,True,False
nearest_by_relation,new_original,AUGV1-D033,test,D000,test,0.42796814584461473,False,False
nearest_by_relation,new_new,AUGV1-D034,test,AUGV1-D022,train,0.18525488382873204,True,False
nearest_by_relation,new_original,AUGV1-D034,test,D000,test,0.44925935695391983,False,False
nearest_by_relation,new_new,AUGV1-D035,test,AUGV1-D011,train,0.13460738729509508,True,False
nearest_by_relation,new_original,AUGV1-D035,test,D001,train,0.55811529865814191,True,False
nearest_by_relation,new_new,AUGV1-D036,train,AUGV1-D052,train,0.36584380629711388,False,False
nearest_by_relation,new_original,AUGV1-D036,train,D013,train,0.30550528907017144,False,False
nearest_by_relation,new_new,AUGV1-D037,train,AUGV1-D061,validation,0.20842201727654622,True,False
nearest_by_relation,new_original,AUGV1-D037,train,D032,train,0.23181974825273266,False,False
nearest_by_relation,new_new,AUGV1-D038,train,AUGV1-D062,validation,0.20884806693719413,True,False
nearest_by_relation,new_original,AUGV1-D038,train,D026,test,0.44799740651891384,True,False
nearest_by_relation,new_new,AUGV1-D039,train,AUGV1-D067,test,0.36170008918437341,True,False
nearest_by_relation,new_original,AUGV1-D039,train,D001,train,0.48107974410084897,False,False
nearest_by_relation,new_new,AUGV1-D040,train,AUGV1-D068,test,0.30533089348440268,True,False
nearest_by_relation,new_original,AUGV1-D040,train,D012,test,0.44578737203360036,True,False
nearest_by_relation,new_new,AUGV1-D041,train,AUGV1-D057,train,0.35956218498780751,False,False
nearest_by_relation,new_original,AUGV1-D041,train,D029,train,0.4062246659775558,False,False
nearest_by_relation,new_new,AUGV1-D042,train,AUGV1-D054,train,0.32390879186693861,False,False
nearest_by_relation,new_original,AUGV1-D042,train,D014,train,0.25047845633943133,False,False
nearest_by_relation,new_new,AUGV1-D043,train,AUGV1-D055,train,0.32821497332389615,False,False
nearest_by_relation,new_original,AUGV1-D043,train,D008,train,0.33063383873269026,False,False
nearest_by_relation,new_new,AUGV1-D044,train,AUGV1-D068,test,0.2088480669371941,True,False
nearest_by_relation,new_original,AUGV1-D044,train,D036,train,0.46398348167934989,False,False
nearest_by_relation,new_new,AUGV1-D045,train,AUGV1-D069,test,0.20402372001487673,True,False
nearest_by_relation,new_original,AUGV1-D045,train,D028,train,0.46832926641048983,False,False
nearest_by_relation,new_new,AUGV1-D046,train,AUGV1-D062,validation,0.30268707997491062,True,False
nearest_by_relation,new_original,AUGV1-D046,train,D009,train,0.45985867597763708,False,False
nearest_by_relation,new_new,AUGV1-D047,train,AUGV1-D071,test,0.2030209719792582,True,False
nearest_by_relation,new_original,AUGV1-D047,train,D001,train,0.31659097800616898,False,False
nearest_by_relation,new_new,AUGV1-D048,train,AUGV1-D060,validation,0.36959327791655949,True,False
nearest_by_relation,new_original,AUGV1-D048,train,D010,train,0.37137260273693345,False,False
nearest_by_relation,new_new,AUGV1-D049,train,AUGV1-D037,train,0.36577455873228953,False,False
nearest_by_relation,new_original,AUGV1-D049,train,D029,train,0.45495953847576348,False,False
nearest_by_relation,new_new,AUGV1-D050,train,AUGV1-D054,train,0.35275160305641401,False,False
nearest_by_relation,new_original,AUGV1-D050,train,D014,train,0.42276524473496579,False,False
nearest_by_relation,new_new,AUGV1-D051,train,AUGV1-D067,test,0.34051671257057714,True,False
nearest_by_relation,new_original,AUGV1-D051,train,D001,train,0.59016753362048102,False,False
nearest_by_relation,new_new,AUGV1-D052,train,AUGV1-D068,test,0.30279525239542038,True,False
nearest_by_relation,new_original,AUGV1-D052,train,D039,train,0.33711695917571194,False,False
nearest_by_relation,new_new,AUGV1-D053,train,AUGV1-D065,validation,0.32390879186693861,True,False
nearest_by_relation,new_original,AUGV1-D053,train,D029,train,0.45902617878988661,False,False
nearest_by_relation,new_new,AUGV1-D054,train,AUGV1-D038,train,0.32200149824683477,False,False
nearest_by_relation,new_original,AUGV1-D054,train,D014,train,0.44288048677454062,False,False
nearest_by_relation,new_new,AUGV1-D055,train,AUGV1-D043,train,0.32821497332389615,False,False
nearest_by_relation,new_original,AUGV1-D055,train,D008,train,0.45939521572310527,False,False
nearest_by_relation,new_new,AUGV1-D056,train,AUGV1-D068,test,0.33096695857883146,True,False
nearest_by_relation,new_original,AUGV1-D056,train,D012,test,0.30209526993475022,True,False
nearest_by_relation,new_new,AUGV1-D057,train,AUGV1-D041,train,0.35956218498780751,False,False
nearest_by_relation,new_original,AUGV1-D057,train,D028,train,0.31602360948088037,False,False
nearest_by_relation,new_new,AUGV1-D058,train,AUGV1-D062,validation,0.3562059419081981,True,False
nearest_by_relation,new_original,AUGV1-D058,train,D034,test,0.46272744240044417,True,False
nearest_by_relation,new_new,AUGV1-D059,train,AUGV1-D047,train,0.32390879186693861,False,False
nearest_by_relation,new_original,AUGV1-D059,train,D018,train,0.48667621213049334,False,False
nearest_by_relation,new_new,AUGV1-D060,validation,AUGV1-D048,train,0.36959327791655949,True,False
nearest_by_relation,new_original,AUGV1-D060,validation,D036,train,0.48568014206865873,True,False
nearest_by_relation,new_new,AUGV1-D061,validation,AUGV1-D037,train,0.20842201727654622,True,False
nearest_by_relation,new_original,AUGV1-D061,validation,D032,train,0.23945735365878229,True,False
nearest_by_relation,new_new,AUGV1-D062,validation,AUGV1-D038,train,0.20884806693719413,True,False
nearest_by_relation,new_original,AUGV1-D062,validation,D026,test,0.3523176649322296,True,False
nearest_by_relation,new_new,AUGV1-D063,validation,AUGV1-D047,train,0.36067293338037765,True,False
nearest_by_relation,new_original,AUGV1-D063,validation,D001,train,0.23340654698653529,True,False
nearest_by_relation,new_new,AUGV1-D064,validation,AUGV1-D044,train,0.36234400918197696,True,False
nearest_by_relation,new_original,AUGV1-D064,validation,D039,train,0.47634228167159476,True,False
nearest_by_relation,new_new,AUGV1-D065,validation,AUGV1-D053,train,0.32390879186693861,True,False
nearest_by_relation,new_original,AUGV1-D065,validation,D029,train,0.58689141745546414,True,False
nearest_by_relation,new_new,AUGV1-D066,test,AUGV1-D042,train,0.32892475211121219,True,False
nearest_by_relation,new_original,AUGV1-D066,test,D026,test,0.19308050168339316,False,False
nearest_by_relation,new_new,AUGV1-D067,test,AUGV1-D051,train,0.34051671257057714,True,False
nearest_by_relation,new_original,AUGV1-D067,test,D008,train,0.41913143643532658,True,False
nearest_by_relation,new_new,AUGV1-D068,test,AUGV1-D044,train,0.2088480669371941,True,False
nearest_by_relation,new_original,AUGV1-D068,test,D012,test,0.29536859793360698,False,False
nearest_by_relation,new_new,AUGV1-D069,test,AUGV1-D045,train,0.20402372001487673,True,False
nearest_by_relation,new_original,AUGV1-D069,test,D028,train,0.40890775013135872,True,False
nearest_by_relation,new_new,AUGV1-D070,test,AUGV1-D058,train,0.36577455873228948,True,False
nearest_by_relation,new_original,AUGV1-D070,test,D034,test,0.66647511916365232,False,False
nearest_by_relation,new_new,AUGV1-D071,test,AUGV1-D047,train,0.2030209719792582,True,False
nearest_by_relation,new_original,AUGV1-D071,test,D022,train,0.22146151602004202,True,False
nearest_by_relation,new_new,AUGV1-D072,train,AUGV1-D084,validation,0.98694413111357526,True,False
nearest_by_relation,new_original,AUGV1-D072,train,D043,train,0.83604945418487164,False,False
nearest_by_relation,new_new,AUGV1-D073,train,AUGV1-D076,train,0.66897728227227815,False,False
nearest_by_relation,new_original,AUGV1-D073,train,D002,train,0.57079258937680111,False,False
nearest_by_relation,new_new,AUGV1-D074,train,AUGV1-D086,validation,0.70066457104276914,True,False
nearest_by_relation,new_original,AUGV1-D074,train,D024,test,0.70316682663115349,True,False
nearest_by_relation,new_new,AUGV1-D075,train,AUGV1-D078,train,0.66714438062878612,False,False
nearest_by_relation,new_original,AUGV1-D075,train,D040,train,0.75651778472534281,False,False
nearest_by_relation,new_new,AUGV1-D076,train,AUGV1-D052,train,0.59527384210476786,False,False
nearest_by_relation,new_original,AUGV1-D076,train,D002,train,0.49708523209980782,False,False
nearest_by_relation,new_new,AUGV1-D077,train,AUGV1-D086,validation,0.93503726207583193,True,False
nearest_by_relation,new_original,AUGV1-D077,train,D080,train,0.81587955917593113,False,False
nearest_by_relation,new_new,AUGV1-D078,train,AUGV1-D064,validation,0.64750286867742235,True,False
nearest_by_relation,new_original,AUGV1-D078,train,D040,train,0.6436278349350385,False,False
nearest_by_relation,new_new,AUGV1-D079,train,AUGV1-D076,train,0.66897728227227804,False,False
nearest_by_relation,new_original,AUGV1-D079,train,D053,train,0.75317689601374527,False,False
nearest_by_relation,new_new,AUGV1-D080,train,AUGV1-D059,train,0.75719829480355627,False,False
nearest_by_relation,new_original,AUGV1-D080,train,D083,train,0.70826788839536292,False,False
nearest_by_relation,new_new,AUGV1-D081,train,AUGV1-D078,train,0.66714438062878612,False,False
nearest_by_relation,new_original,AUGV1-D081,train,D089,train,0.53588415122584265,False,False
nearest_by_relation,new_new,AUGV1-D082,train,AUGV1-D066,test,0.65724366729484096,True,False
nearest_by_relation,new_original,AUGV1-D082,train,D063,test,0.5166087552203954,True,False
nearest_by_relation,new_new,AUGV1-D083,train,AUGV1-D051,train,0.53196397064543555,False,False
nearest_by_relation,new_original,AUGV1-D083,train,D018,train,0.4546245513178816,False,False
nearest_by_relation,new_new,AUGV1-D084,validation,AUGV1-D076,train,0.91251294369200919,True,False
nearest_by_relation,new_original,AUGV1-D084,validation,D042,validation,0.79940249355131898,False,False
nearest_by_relation,new_new,AUGV1-D085,validation,AUGV1-D088,test,0.66897728227227804,True,False
nearest_by_relation,new_original,AUGV1-D085,validation,D082,validation,0.59404517527501577,False,False
nearest_by_relation,new_new,AUGV1-D086,validation,AUGV1-D074,train,0.70066457104276914,True,False
nearest_by_relation,new_original,AUGV1-D086,validation,D006,train,0.70699948115649058,True,False
nearest_by_relation,new_new,AUGV1-D087,test,AUGV1-D076,train,0.88067222457613048,True,False
nearest_by_relation,new_original,AUGV1-D087,test,D058,test,0.67381911874077371,False,False
nearest_by_relation,new_new,AUGV1-D088,test,AUGV1-D064,validation,0.60196236676104853,True,False
nearest_by_relation,new_original,AUGV1-D088,test,D052,validation,0.64416767484109549,True,False
nearest_by_relation,new_new,AUGV1-D089,test,AUGV1-D049,train,0.70841952771267347,True,False
nearest_by_relation,new_original,AUGV1-D089,test,D068,train,0.56679150614836293,True,False
